cd C:\mlc\ml\mllll\ML_mini_project\projectPrice,Close,High,Low,Open,Volume
Ticker,AAPL,AAPL,AAPL,AAPL,AAPL
Date,,,,,
1/3/2022,177.939743,178.7902976,173.735915,173.8532267,104487900
1/4/2022,175.6813812,178.8489308,175.1143499,178.5458656,99310400
1/5/2022,171.0082855,176.1408805,170.7345483,175.5934061,94537600
1/6/2022,168.1535645,171.3797695,167.8016145,168.8379074,96904000
1/7/2022,168.3197937,170.2457402,167.2052879,169.0236937,86709100
1/10/2022,168.3393097,168.6423748,164.409205,165.2988582,106765600
1/11/2022,171.1647339,171.2624887,167.0000045,168.4664604,76138300
1/12/2022,171.6046448,173.2177401,170.9105308,172.1814471,74805200
1/13/2022,168.3393097,172.6702342,167.948246,171.8490228,84505800
1/14/2022,169.199646,169.8937599,167.263914,167.5083232,80440800
1/18/2022,166.0028076,168.6815241,165.6215297,167.674559,90956700
1/19/2022,162.5126038,167.2541495,162.2290956,166.1982996,94815000
1/20/2022,160.8311005,165.8854833,160.5084784,163.2458657,91420500
1/21/2022,158.7780151,162.6103501,158.6704745,160.74306,122848900
1/24/2022,158.0057068,158.6705078,151.2404597,156.4414963,162294600
1/25/2022,156.2068634,159.1202179,153.5085902,155.4247507,115798400
1/26/2022,156.1188354,160.7137258,154.2906593,159.8436296,108275300
1/27/2022,155.6594086,160.176088,154.7404271,158.8171728,121954600
1/28/2022,166.5209198,166.5404767,159.159314,162.0042414,179935700
1/31/2022,170.8713684,171.0864497,165.719218,166.3546909,115541600
2/1/2022,170.7052307,170.9300831,168.4566622,170.1186424,86213900
2/2/2022,171.9076996,171.9468134,169.4538359,170.8420788,84914300
2/3/2022,169.0334473,172.2987665,168.2708915,170.5781157,89418100
2/4/2022,168.749588,170.423484,167.075692,168.0545747,82465400
2/7/2022,168.0349731,170.2766075,167.33996,169.2096292,77251200
2/8/2022,171.1380615,171.6470847,167.8098514,168.1035192,74829200
2/9/2022,172.5574341,172.9196159,171.2065712,172.3322953,71285000
2/10/2022,168.48526,171.774306,167.9273047,170.4626069,90865900
2/11/2022,165.0788116,169.4250541,164.4914759,168.6908919,98670700
2/14/2022,165.3137207,165.9989356,163.0427056,163.8355982,86185500
2/15/2022,169.141098,169.2977228,166.6547431,167.3595397,62527400
2/16/2022,168.9062042,169.6795149,166.4589976,168.2209894,61177400
2/17/2022,165.3137207,168.2797342,164.9123752,167.4183126,69589300
2/18/2022,163.7670288,166.9385982,162.6804687,166.2338166,82772700
2/22/2022,160.8500366,163.1699842,158.7258477,161.4960879,91162800
2/23/2022,156.6897583,162.6413519,156.3765087,162.0442328,90009200
2/24/2022,159.3033752,159.4110529,148.7901697,149.3579235,141147500
2/25/2022,161.3688049,161.6330925,157.4728414,160.3801239,91974200
2/28/2022,161.6330719,161.9267396,158.9998756,159.6165764,95056600
3/1/2022,159.7536469,163.0818569,158.5496254,161.2219708,83474400
3/2/2022,163.0427094,163.8258185,159.508942,160.9185356,79724800
3/3/2022,162.7196655,165.3430789,162.0540325,164.9123681,76678400
3/4/2022,159.7242889,162.0540346,158.6768922,161.0164213,83737200
3/7/2022,155.9359894,161.5351986,155.6814704,159.91025,96418800
3/8/2022,154.1152954,159.4404197,152.5099284,155.4661583,131148300
3/9/2022,159.5089264,159.959219,156.0436883,158.0699677,91454900
3/10/2022,155.1724701,157.0029757,152.6861,156.8169857,105342000
3/11/2022,151.4625092,155.9164282,151.2373703,155.5738133,96970100
3/14/2022,147.43927,150.8653586,146.9302619,148.2517442,108732100
3/15/2022,151.8148651,152.2847394,147.2043375,147.7133455,92964300
3/16/2022,156.2198639,156.6212093,151.1982065,153.7335088,102300200
3/17/2022,157.2281342,157.6001144,154.3012844,155.2605853,75615400
3/18/2022,160.5171814,161.0066227,156.3862952,157.1204572,123511700
3/21/2022,161.8876343,162.8371517,159.567672,160.0571134,95811400
3/22/2022,165.2549744,165.842295,161.4275397,162.0148603,81532000
3/23/2022,166.6156311,168.9943089,164.1096788,164.4425103,98062700
3/24/2022,170.3940887,170.4626028,166.6156016,167.4476428,90131400
3/25/2022,171.030426,171.5785981,169.1020255,170.208168,80546200
3/28/2022,171.8918152,172.0190598,168.3678313,168.5342396,90371900
3/29/2022,175.1808624,175.2297946,172.6161795,172.9587944,100589400
3/30/2022,174.0160217,175.8171627,172.9686098,174.7795492,92633200
3/31/2022,170.9227142,174.2704914,170.7171423,174.0845013,103049300
4/1/2022,170.6290436,171.1870139,168.3090963,170.3549576,78751300
4/4/2022,174.6718445,174.7207916,170.7563134,170.8835729,76468400
4/5/2022,171.3631439,174.5347282,170.7366598,173.7516193,73401800
4/6/2022,168.201416,169.9634079,166.5373184,168.7202227,89058800
4/7/2022,168.5048676,169.6991056,166.2632327,167.5455667,77594700
4/8/2022,166.4981689,168.1524832,165.6269639,168.1524832,76575500
4/11/2022,162.2497711,165.4605045,162.0050505,165.1472698,72246700
4/12/2022,164.1195068,166.2828296,163.1210421,164.4719053,79265200
4/13/2022,166.8016052,167.4280896,163.2482712,163.8551737,70618900
4/14/2022,161.79953,167.6532599,161.5548093,167.0169771,75329400
4/18/2022,161.5841522,163.0818414,160.1158284,160.4584283,69023900
4/19/2022,163.8649292,164.276073,160.4486387,161.5351989,67723800
4/20/2022,163.6985321,165.3136973,162.5924049,165.1962213,67929800
4/21/2022,162.9056549,167.907746,162.4064301,165.3430782,87227800
4/22/2022,158.3734283,164.3250371,158.0895589,162.9448238,84882400
4/25/2022,159.4404602,159.7243297,155.1137993,157.7176166,96046400
4/26/2022,153.4888153,158.9118191,153.4105029,158.8237232,95623200
4/27/2022,153.2636719,156.4156604,152.0987991,152.6176057,88063200
4/28/2022,160.1843567,161.0457782,155.5738128,155.8870624,130216800
4/29/2022,154.3208466,162.6902964,153.9292995,158.4223673,131747600
5/2/2022,154.6243134,154.8886009,150.0333512,153.40071,123055300
5/3/2022,156.1121979,157.3162343,153.0189401,154.8102822,88966500
5/4/2022,162.5141296,162.9644074,155.8968722,156.2982178,108256500
5/5/2022,153.4594421,160.6150721,151.6778685,160.3899333,130525300
5/6/2022,154.1848755,156.3023723,151.1458746,152.9398637,116124600
5/9/2022,149.0675964,152.7634105,148.5088213,151.8811127,131577900
5/10/2022,151.4693909,153.6555174,149.9204819,152.4595246,115366700
5/11/2022,143.6170044,152.390873,142.9405806,150.4792503,142689800
5/12/2022,139.7545471,143.3229146,136.0685459,139.9604211,182602000
5/13/2022,144.2150269,145.1855501,140.2937427,141.7446137,113990900
5/16/2022,142.6758881,144.6169341,141.3426511,142.6857008,86643800
5/17/2022,146.3030853,146.8226542,143.7934514,145.9305586,78336300
5/18/2022,138.0487823,144.4600738,137.146874,143.9601156,109742900
5/19/2022,134.64711,138.8722916,133.9118692,137.1273212,136095600
5/20/2022,134.8823395,137.9311379,130.0003459,136.3528207,137426100
5/23/2022,140.2937317,140.4407738,134.9411727,135.0784171,117726300
5/24/2022,137.5978699,139.1761874,134.6274981,138.0390114,104132700
5/25/2022,137.7546997,138.9996965,135.6175923,135.7058176,92482700
5/26/2022,140.9505157,141.499493,134.4411866,134.6862668,90601500
5/27/2022,146.6952362,146.7344425,142.4014254,142.5288719,90978500
5/31/2022,145.9109497,147.6951408,143.950308,146.1364343,103718400
6/1/2022,145.7835083,148.753879,144.7737641,146.9500775,74286600
6/2/2022,148.2343445,148.2931613,143.9699422,144.9208547,72348100
6/3/2022,142.5190277,145.0580547,141.6171345,144.0091044,88570300
6/6/2022,143.2640839,145.6462712,142.0484807,144.1365688,71598400
6/7/2022,145.7835083,146.0677947,141.264229,141.5093091,67808200
6/8/2022,145.0483093,146.9207112,144.5581488,145.6561036,53950200
6/9/2022,139.8329468,145.0384474,139.7251109,144.1855732,69473000
6/10/2022,134.431427,137.9899822,134.3627974,137.5194322,91437900
6/13/2022,129.2846985,132.5393554,128.853355,130.2552064,122207100
6/14/2022,130.1473694,131.2551366,128.8925601,130.5100982,84784300
6/15/2022,132.7648773,134.6372942,129.5592381,131.6473119,91533000
6/16/2022,127.5005493,129.7846991,126.5006177,129.480802,108123900
6/17/2022,128.9710083,130.4611002,127.2554468,127.5103398,134520300
6/21/2022,133.1961975,134.3627818,130.6963912,130.7944143,81000500
6/22/2022,132.6864624,135.0490248,131.2747977,132.13747,73409200
6/23/2022,135.5489655,135.8626603,132.9609191,134.1275032,72433800
6/24/2022,138.8722534,139.1173336,137.0194476,137.1468792,89116800
6/27/2022,138.8722534,140.6662423,138.1958296,139.8917805,70207900
6/28/2022,134.73526,140.5975728,134.6176263,139.3329658,67083400
6/29/2022,136.4900818,137.9017463,133.9804625,134.7549245,66242400
6/30/2022,134.0294495,135.6469727,131.1375063,134.5490182,98964500
7/1/2022,136.1959839,136.3038198,132.9903451,133.3628569,71051600
7/5/2022,138.7742004,138.8232195,134.2353107,135.0587914,73353800
7/6/2022,140.1074524,141.2838344,138.3036656,138.5683565,74064300
7/7/2022,143.4699707,143.6660319,140.4603783,140.4701762,66253700
7/8/2022,144.1463623,144.6463355,142.1465145,142.4013925,64547800
7/11/2022,142.0190582,143.7542301,140.9505122,142.8033178,63141600
7/12/2022,142.989563,145.5285897,142.1955057,142.8915249,77588800
7/13/2022,142.6269226,143.5680225,139.3232303,140.1761199,71185600
7/14/2022,145.5482483,146.0187981,140.4309719,141.24464,78140700
7/15/2022,147.2147675,147.8911912,145.2835344,146.832443,76259900
7/18/2022,144.1757965,148.5872404,143.8130676,147.7735723,81420900
7/19/2022,148.0284576,148.2539273,144.0189487,145.0090674,82982400
7/20/2022,150.0283051,150.694931,147.41085,148.1460907,64823400
7/21/2022,152.2928619,152.5085337,148.949964,151.4595832,65086600
7/22/2022,151.0576324,153.2045374,150.3910215,152.3320525,66675400
7/25/2022,149.9400787,151.9889458,149.2832655,150.9792165,53623900
7/26/2022,148.6166534,150.077322,147.8323937,149.2636539,55138700
7/27/2022,153.7045135,154.2338952,149.1656378,149.5773708,78620700
7/28/2022,154.253479,154.5377654,151.3713335,153.8907501,81378700
7/29/2022,159.3119507,160.4099203,156.36119,158.0669539,101786900
8/1/2022,158.3316193,160.3706885,157.7238251,157.8414588,67829400
8/2/2022,156.8611755,159.2139552,156.4886637,156.9494158,59907000
8/3/2022,162.8607178,163.311657,157.5865865,157.6748118,82507500
8/4/2022,162.5470276,163.8998754,161.1941798,162.7430888,55474100
8/5/2022,162.321228,162.8120693,160.0142679,160.2204278,56697000
8/8/2022,161.8500061,164.7361554,161.1922806,163.32253,60276900
8/9/2022,161.8991089,162.7826323,160.2597006,161.0156004,63135500
8/10/2022,166.1399841,166.2381434,163.8428352,164.6085465,70170500
8/11/2022,165.403717,167.8579237,165.1092092,166.944951,57149200
8/12/2022,168.9475861,169.0162961,166.297031,166.7093509,68039400
8/15/2022,170.0176239,170.2139574,168.2113314,168.3782156,54091700
8/16/2022,169.8605499,170.5281019,168.5156495,169.6151293,56377100
8/17/2022,171.3526764,172.9233593,169.4089493,169.6052828,79542000
8/18/2022,170.9599915,171.6962533,169.9488597,170.5673245,62290100
8/19/2022,168.3781891,170.5575255,168.1720292,169.8605243,70346300
8/22/2022,164.5005798,166.7486267,164.0784485,166.5817424,69026800
8/23/2022,164.1667938,165.619695,163.5974161,164.0195474,54147100
8/24/2022,164.4612732,165.0306509,163.2047208,164.2551283,53841500
8/25/2022,166.9154968,167.0234825,165.2662772,165.6883935,51218200
8/26/2022,160.6229248,167.9168353,160.5640262,167.4456318,78961000
8/29/2022,158.4239655,159.9161124,156.8925428,158.1981676,73314000
8/30/2022,155.999176,159.5823113,154.8309714,159.160195,77906200
8/31/2022,154.3401489,157.6386033,154.2616125,157.3735447,87991100
9/1/2022,155.0665741,155.5181397,151.8368303,153.770746,74229900
9/2/2022,152.9559784,157.4226377,152.1313685,156.8238106,76957800
9/6/2022,151.6994171,154.2125223,150.8748073,153.6038838,73714800
9/7/2022,153.103241,153.8002273,150.7962806,151.9841233,87449600
9/8/2022,151.6307373,153.4959287,149.8833281,151.807433,84923800
9/9/2022,154.487381,154.9291501,151.9153774,152.6221901,68028800
9/12/2022,160.4363708,161.2511692,156.3820321,156.6667135,104956000
9/13/2022,151.022049,157.5993194,150.5606569,156.9710432,122656600
9/14/2022,152.4651337,154.222354,150.7962761,151.9546545,87965400
9/15/2022,149.5789795,152.3964189,148.6071233,151.8172147,90481100
9/16/2022,147.9395905,148.5776932,145.6522678,148.4402583,162278800
9/19/2022,151.6503448,151.7288813,146.3689019,146.5750469,81474200
9/20/2022,154.0259857,155.1843789,150.2759662,150.5900968,107689800
9/21/2022,150.9042206,155.8322705,150.7864235,154.4579061,101696800
9/22/2022,149.942215,151.6405218,148.1457339,149.5888086,86652500
9/23/2022,147.6744995,148.6954578,145.8387579,148.4205878,96029900
9/26/2022,148.0083313,150.9533799,146.8990249,146.9186627,93339400
9/27/2022,148.9801331,151.8859199,147.2032901,149.9421927,84442700
9/28/2022,147.0953064,147.8806554,142.1868938,144.9356078,146691400
9/29/2022,139.8701477,144.0324878,138.1031158,143.4238493,128138200
9/30/2022,135.6685181,140.4787713,135.4721846,138.692102,124925300
10/3/2022,139.840683,140.4493364,135.1678792,135.6783584,114311700
10/4/2022,143.4238586,143.5416558,141.617551,142.3734509,87830100
10/5/2022,143.718338,144.6803978,140.3904343,141.4310306,79471000
10/6/2022,142.7660828,144.8374335,142.5599378,143.1391269,68402200
10/7/2022,137.5238953,140.4787691,136.8956191,139.9290143,85925600
10/10/2022,137.8478699,139.2909445,136.031766,137.8478699,74899000
10/11/2022,136.4342346,138.7608324,135.6881613,137.3373808,77033700
10/12/2022,135.8059692,137.7889723,135.6292736,136.5815069,70433700
10/13/2022,140.3708038,140.9598044,131.9086894,132.5173428,113224000
10/14/2022,135.8452301,141.8727601,135.658708,141.6666002,88598000
10/17/2022,139.8014221,140.282437,137.700622,138.485971,85250900
10/18/2022,141.1168976,144.0128587,138.0344143,142.825031,99136600
10/19/2022,141.224884,142.2949147,138.9081121,139.0946342,61758300
10/20/2022,140.763504,143.2177112,140.0370533,140.4002862,64522000
10/21/2022,144.5723877,145.1417653,140.0370043,140.2529757,86548600
10/24/2022,146.7124481,147.4781593,143.3256465,144.493851,75981900
10/25/2022,149.54953,149.6967914,146.62412,147.3407441,74732300
10/26/2022,146.6143188,149.2059606,145.3283019,148.1948286,88194300
10/27/2022,142.1476593,146.3198108,141.4899337,145.357766,109180200
10/28/2022,152.8872681,154.6150242,145.1123429,145.4853722,164762400
10/31/2022,150.531189,151.4147122,149.1372016,150.3544933,97943200
11/1/2022,147.8904572,152.602536,146.3983106,152.2393183,80379300
11/2/2022,142.3734131,149.3826256,142.3439638,146.2216067,93604600
11/3/2022,136.3360901,140.1842842,136.2084666,139.4578337,97918500
11/4/2022,136.0705872,140.2889849,132.137343,139.7186627,140814800
11/7/2022,136.6015625,136.8277198,133.4058017,134.821772,83374600
11/8/2022,137.1719055,139.0696888,135.1954555,138.0667223,89908500
11/9/2022,132.6191406,136.2377327,132.3438148,136.1885641,74917800
11/10/2022,144.4188843,144.4188843,137.1718869,138.8828535,118854000
11/11/2022,147.2016602,147.5064842,141.9606105,143.3864235,93979700
11/14/2022,145.8053436,147.7719655,144.9695233,146.4838306,73374100
11/15/2022,147.5359802,151.0267374,146.0806841,149.6796061,89868300
11/16/2022,146.3068542,147.3688321,144.8318876,146.6411914,64218300
11/17/2022,148.2046509,148.9519619,143.7109119,143.9862378,80389400
11/18/2022,148.7651062,150.1515782,147.4671436,149.7680876,74829600
11/21/2022,145.5398712,147.860486,145.2547176,147.6539991,58724100
11/22/2022,147.6736298,147.9096298,144.4778692,145.6578543,51804100
11/23/2022,148.5488586,149.2961699,146.8477191,146.955884,58301400
11/25/2022,145.6381836,146.3953372,144.6647004,145.8348428,35195900
11/28/2022,141.8131409,144.1927521,140.9871631,142.7177854,69246000
11/29/2022,138.8140106,142.393262,138.0077034,141.8819361,83763800
11/30/2022,145.5595245,146.2380115,138.2043625,139.0401679,111380900
12/1/2022,145.8348694,146.6411917,144.1632435,145.7365473,71250400
12/2/2022,145.3431854,145.5300169,143.2192302,143.5240692,65447400
12/5/2022,144.1829071,148.401305,143.337259,145.3038811,68826400
12/6/2022,140.5250092,144.8417448,139.5515257,144.6155874,64727200
12/7/2022,138.5878754,140.9773142,137.6635605,139.8170143,69721100
12/8/2022,140.2693024,141.1247931,138.7451824,139.9841488,62128300
12/9/2022,139.7874908,143.1405848,138.5485094,139.9644796,76097000
12/12/2022,142.0786285,142.0884562,138.7058636,140.3184932,70462700
12/13/2022,143.0422821,147.4671825,141.8328135,147.0050251,93886200
12/14/2022,140.8200073,144.2124281,138.8042163,142.9242927,82291200
12/15/2022,134.2219543,139.4335058,133.759797,138.7550188,98931900
12/16/2022,132.2651672,135.3527634,131.4981858,134.4087932,160156900
12/19/2022,130.1608887,132.943661,129.128424,132.8551666,79592600
12/20/2022,130.092041,131.0261834,127.722258,129.1972245,77432800
12/21/2022,133.1894989,134.5268027,130.5345617,130.760719,85928000
12/22/2022,130.0232239,132.3143406,128.1254406,132.1078536,77852100
12/23/2022,129.6593933,130.2100451,127.4764416,128.7350785,63814900
12/27/2022,127.8599319,129.216906,126.5717969,129.1874078,69007800
12/28/2022,123.9365311,128.8432513,123.76937,127.5059476,85438400
12/29/2022,127.4469452,128.302421,125.5983231,125.8539786,75703700
12/30/2022,127.7616119,127.7812824,125.3033415,126.2669898,77034200
1/3/2023,122.9827118,128.7154095,122.0977304,128.1057614,112117500
1/4/2023,124.2511978,126.5128165,122.9925607,124.7723515,89113600
1/5/2023,122.9335403,125.6376456,122.6778849,125.0083272,80962700
1/6/2023,127.4567566,128.1155731,122.8057001,123.9070111,87754700
1/9/2023,127.9779053,131.1835084,127.7222498,128.292572,70790800
1/10/2023,128.5482635,129.0694173,125.9818208,128.0861061,63896200
1/11/2023,131.2621765,131.2818319,128.2827457,129.0595547,69458900
1/12/2023,131.1835327,132.0193381,129.2464087,131.6456901,71379600
1/13/2023,132.5109711,132.6683044,129.4627163,129.8265365,57809700
1/17/2023,133.6712952,134.998756,131.8915047,132.5798194,63646600
1/18/2023,132.9535217,136.296774,132.7765179,134.5366535,69672800
1/19/2023,133.0124969,133.9761376,131.5375303,131.8423543,58280400
1/20/2023,135.5691071,135.7166127,131.9800273,133.0223347,80223600
1/23/2023,138.7550354,140.9281596,135.5986,135.8149297,81760300
1/24/2023,140.1513367,140.7708275,137.958557,137.9683847,66435100
1/25/2023,139.4925232,140.0530028,136.4934211,138.5387102,65799300
1/26/2023,141.5574799,141.8426335,139.5318463,140.7806556,54105100
1/27/2023,143.4945831,144.7728906,140.6921555,140.7708222,70555800
1/30/2023,140.6134644,143.1209103,140.4659737,142.5407604,64015300
1/31/2023,141.8819427,141.9311113,139.905493,140.3184818,65874500
2/1/2023,143.0028839,144.1631985,138.9614909,141.5672585,77663600
2/2/2023,148.303009,148.6569867,145.6972252,146.4150382,118339000
2/3/2023,151.9215698,154.7535107,145.3628864,145.5595456,154357300
2/6/2023,149.1977692,150.5449154,148.2636267,150.0237618,69858300
2/7/2023,152.0690613,152.6393835,148.125989,148.125989,83322600
2/8/2023,149.3846283,152.0002396,148.6471449,151.3119248,64120100
2/9/2023,148.3521576,151.754421,147.9096705,151.2135968,56007100
2/10/2023,148.7165222,149.0415121,146.9537145,147.1900749,57450700
2/13/2023,151.5134125,151.9171742,148.627904,148.6574471,62199000
2/14/2023,150.8732452,151.4345955,148.568788,149.8096461,61707600
2/15/2023,152.9709015,153.1383178,150.5581143,150.7846169,65573800
2/16/2023,151.3755035,153.9557069,151.0209705,151.1785291,68167900
2/17/2023,150.2331696,150.6763322,148.5589911,150.03621,59144100
2/21/2023,146.2249603,149.0021389,146.1560313,147.9188391,58867200
2/22/2023,146.6484528,147.6726513,144.9250307,146.6090518,51011300
2/23/2023,147.1309967,148.056723,145.0038129,147.8105198,48394200
2/24/2023,144.481842,144.9545478,143.5068723,144.875761,55469600
2/27/2023,145.6734467,146.9044621,145.2105836,145.4666445,44998500
2/28/2023,145.1712189,146.815854,144.6000258,144.8166858,50547000
3/1/2023,143.1031036,144.9939419,142.8076569,144.6000229,55479000
3/2/2023,143.6939697,144.4818226,141.7144873,142.1872081,52238100
3/3/2023,148.7361908,148.8149776,145.0923885,145.7915968,70732300
3/6/2023,151.4937286,153.926217,151.1293528,151.4543277,87558000
3/7/2023,149.2975616,151.6906485,148.8346986,151.3656586,56182000
3/8/2023,150.5482635,151.139157,149.5240653,150.4891772,47204800
3/9/2023,148.3029175,152.192924,147.9483844,151.2278119,53833600
3/10/2023,146.2446442,148.6475889,145.3681617,147.92868,68572400
3/13/2023,148.1847229,150.8141702,145.4567883,145.5651183,84457100
3/14/2023,150.2725067,151.0702023,147.8203337,148.982405,73695900
3/15/2023,150.6664581,150.922504,147.6430768,148.8937928,77167900
3/16/2023,153.4830017,154.0837378,149.3369353,149.8490419,76161100
3/17/2023,152.6459351,154.3595142,151.9368689,153.7095343,98944600
3/20/2023,155.0094757,155.4231102,151.8088352,152.7148759,73641400
3/21/2023,156.8609772,156.9791499,154.1625848,154.9307526,73938300
3/22/2023,155.4329529,159.6774922,155.4132524,156.8806284,75701800
3/23/2023,156.5162201,159.0964387,155.2852047,156.4177479,67622100
3/24/2023,157.8162079,157.9048374,155.4526638,156.4473191,59196500
3/27/2023,155.8761139,158.3283023,155.4723372,157.5109062,52390300
3/28/2023,155.255661,156.0829148,153.6110262,155.5708082,45992200
3/29/2023,158.3283081,158.6040544,156.9298762,156.9495616,51305700
3/30/2023,159.894165,160.002495,158.820723,159.0767688,49501700
3/31/2023,162.3955536,162.4940408,159.4509742,159.9729236,68749800
4/3/2023,163.6463013,163.764474,161.7259198,161.7751634,56976200
4/4/2023,163.114502,164.3061167,162.6023952,164.0697713,46278300
4/5/2023,161.2728729,162.5432893,159.342649,162.2379999,51511700
4/6/2023,162.1592102,162.4546569,159.5396057,159.9630678,45390100
4/10/2023,159.5691528,159.5691528,157.6487716,158.9684167,47716900
4/11/2023,158.3578644,159.8941696,158.0722603,159.8843269,47644200
4/12/2023,157.6685028,159.5987271,157.3533556,158.7714881,50133100
4/13/2023,163.0455627,163.2819232,158.9684394,159.1752567,68445600
4/14/2023,162.700882,163.7940244,161.3319932,162.090288,49386500
4/17/2023,162.7205811,162.8781547,161.5388089,162.5827079,41516200
4/18/2023,163.9417419,164.8674681,163.1341885,163.5773661,49923000
4/19/2023,165.084137,165.6060864,163.0258673,163.2819281,47720200
4/20/2023,164.118988,165.3204604,163.0455461,163.5674955,52456400
4/21/2023,162.5137634,163.9220381,161.991814,162.5433066,58337300
4/24/2023,162.8190765,163.0849802,161.4009439,162.4940866,41949600
4/25/2023,161.2827454,163.7841625,161.2433444,162.6811773,48714100
4/26/2023,161.2728729,162.769792,160.3274614,160.5835073,45498800
4/27/2023,165.8522797,165.9999955,162.6811822,162.6811822,64902300
4/28/2023,167.1029663,167.2703976,165.330316,165.9310521,55275900
5/1/2023,167.014328,167.8612673,166.0787592,166.7090386,52472900
5/2/2023,165.9802856,167.7628088,164.9954732,167.506748,48425700
5/3/2023,164.9068451,168.3241456,164.6212561,166.9257137,65136000
5/4/2023,163.2720795,164.5030953,161.814561,162.3857541,81235400
5/5/2023,170.9338989,171.6528078,168.1665634,168.3832233,113453200
5/8/2023,170.864975,171.2096654,169.4960862,169.860462,55962800
5/9/2023,169.1612396,170.9043469,168.9938233,170.4217984,45326900
5/10/2023,170.9240875,171.3869507,169.2892949,170.3922953,53724500
5/11/2023,171.1111603,171.9383991,169.5551548,171.2096475,49514700
5/12/2023,170.1841583,171.6535489,168.635857,171.2196296,45533100
5/15/2023,169.6910706,170.815309,169.0993598,170.7659973,37266700
5/16/2023,169.6910706,170.7462696,169.4247992,169.6121748,42110300
5/17/2023,170.3025055,170.5391778,168.0638848,169.3360585,57951600
5/18/2023,172.6298981,172.8172737,170.1940452,170.6082368,65496700
5/19/2023,172.7383423,173.9513328,172.5213827,173.9513328,55809500
5/22/2023,171.7916107,172.2945694,171.0519798,171.5746511,43570900
5/23/2023,169.1881104,170.9829553,168.9119827,170.7364117,50747300
5/24/2023,169.4642487,170.0362318,168.1625059,168.7246177,45143500
5/25/2023,170.5983734,171.495781,169.3163432,170.0263903,56058300
5/26/2023,173.0046234,173.3399343,170.7167059,170.9238092,54835000
5/30/2023,174.8487549,176.5153923,174.1288517,174.5134591,55964400
5/31/2023,174.7994385,176.870411,174.3162075,174.8783342,99625300
6/1/2023,177.600174,177.629758,174.4838587,175.2432173,68901800
6/2/2023,178.4483032,179.26683,176.7816656,178.527199,61996900
6/5/2023,177.0972595,182.393013,175.578542,180.1050955,121946500
6/6/2023,176.7323761,177.6297836,174.9769713,177.4818635,64848400
6/7/2023,175.361557,178.704688,174.8684698,175.9729804,61944600
6/8/2023,178.0735321,178.3397884,175.0065289,175.440433,50214900
6/9/2023,178.4581757,179.7106067,178.1327362,178.9907034,48900000
6/12/2023,181.2490082,181.3476316,178.4680039,178.7638592,54274900
6/13/2023,180.7756805,181.6040637,179.9177134,180.2727369,54929100
6/14/2023,181.4068451,181.8407644,179.503535,180.8348619,57462900
6/15/2023,183.438324,183.9412826,181.2391589,181.4166782,65433200
6/16/2023,182.3633881,184.4047765,181.7223807,184.1483615,101256200
6/20/2023,182.4521942,183.5271362,181.8604984,181.8604984,49799100
6/21/2023,181.4167023,182.8466526,180.0656327,182.3436938,49515700
6/22/2023,184.4146423,184.4639541,181.1306793,181.1997187,51245300
6/23/2023,184.0990601,184.9668985,182.4521503,182.984693,53117000
6/26/2023,182.7085724,185.4501366,182.669117,184.2470024,48088700
6/27/2023,185.4599915,185.7854309,183.1030348,183.3199944,50730800
6/28/2023,186.6335297,187.2745371,185.0063477,185.3317721,51216800
6/29/2023,186.9688263,187.4422009,186.3278189,186.4658827,46347300
6/30/2023,191.2883148,191.7912585,188.6157747,188.9806695,85213200
7/3/2023,189.7991791,191.1995453,189.1088448,191.1009218,31458200
7/5/2023,188.6848297,190.3120121,187.984639,188.9215171,46920300
7/6/2023,189.1581573,189.3652606,186.5842409,187.2153921,45094300
7/7/2023,188.0437775,190.0062705,187.6098733,188.7636958,46815000
7/10/2023,186.0024109,187.3633368,184.4541094,186.6434184,59922200
7/11/2023,185.4797363,186.6828706,184.020202,186.5448068,46638100
7/12/2023,187.1463623,189.0496721,185.8643323,187.0575952,60750200
7/13/2023,187.9057007,188.5467232,187.1562134,187.8662603,41342300
7/14/2023,188.0536346,188.5368506,187.008292,187.5999877,41616200
7/17/2023,191.3080292,191.6334686,189.1581606,189.2469127,50520200
7/18/2023,191.0515747,191.6432854,189.7596886,190.6768386,48288200
7/19/2023,192.4026489,195.4893648,189.9865094,190.4302999,80507300
7/20/2023,190.4598846,193.7537038,189.8385899,192.3927782,59581200
7/21/2023,189.2863464,192.2744541,188.5861559,191.4164871,71951700
7/24/2023,190.085144,192.2152847,189.5920568,190.7360229,45377800
7/25/2023,190.9431152,191.7517856,190.252796,190.6571312,37283200
7/26/2023,191.8109741,192.9352126,190.6472952,190.9924473,47471900
7/27/2023,190.5486603,194.473631,189.8879251,193.3099522,47460200
7/28/2023,193.1225586,193.9115012,191.4559212,191.9785925,48291400
7/31/2023,193.7339935,193.7734489,192.5604434,193.349386,38824100
8/1/2023,192.9056244,194.0101352,192.5801849,193.5269192,35175100
8/2/2023,189.9174957,192.4815405,189.1975925,192.3434767,50389300
8/3/2023,188.5269928,189.7103993,188.0536332,188.9214717,61235200
8/4/2023,179.473938,184.789419,179.4048985,182.9551335,115956800
8/7/2023,176.3773346,180.5981607,174.8980727,179.6119861,97576100
8/8/2023,177.3142395,177.7777429,175.1249302,177.2057597,67823000
8/9/2023,175.7264862,178.4285955,174.5627921,178.3694274,60378500
8/10/2023,175.509491,178.2510551,175.1446112,176.9986092,54686900
8/11/2023,175.5687408,176.3883729,174.3442427,175.1046267,52036700
8/14/2023,177.2179108,177.445033,175.0947629,175.7465208,43675600
8/15/2023,175.2330017,177.2376384,174.8380052,176.6451436,43622600
8/16/2023,174.3639984,176.309372,174.2948657,174.9169995,46964900
8/17/2023,171.8260803,175.2922217,171.3125729,174.9268492,66062900
8/18/2023,172.3099976,172.9123771,169.8116076,170.1473561,61172200
8/21/2023,173.6431122,173.9294975,171.5693579,172.8827431,46311900
8/22/2023,175.0157318,175.4601066,174.0479799,174.8478576,42038900
8/23/2023,178.8571472,179.2817828,176.1020111,176.2896397,52722800
8/24/2023,174.1763611,178.8373919,173.8109735,178.4127564,54945800
8/25/2023,176.3785095,176.9117563,173.6233734,175.1638809,51449600
8/28/2023,177.9387665,178.333763,176.3192567,177.8400098,43820700
8/29/2023,181.8196564,182.5899101,177.2573821,177.4548803,53003900
8/30/2023,185.3055573,185.5030706,182.4319253,182.6294235,60813900
8/31/2023,185.5228119,186.7571948,185.137685,185.4931879,60794500
9/1/2023,187.0929565,187.547201,185.9276912,187.1225805,45766500
9/5/2023,187.3299255,187.6064261,185.2660412,185.9276685,45280000
9/6/2023,180.6247711,186.4905606,179.2027597,186.0461708,81755800
9/7/2023,175.3416443,175.9835325,171.3718641,172.9913741,112488800
9/8/2023,175.9538574,177.988133,175.5687306,176.1217467,65551300
9/11/2023,177.1191254,178.0473837,175.1243585,177.8202614,58953100
9/12/2023,174.0973663,177.8795173,172.6358612,177.2475139,90370200
9/13/2023,172.033493,175.0848841,171.8063557,174.3047457,84267900
9/14/2023,173.5443726,173.8998754,171.4113552,171.8261061,60895800
9/15/2023,172.8234863,174.2948763,171.6483664,174.2751219,109259500
9/18/2023,175.7464905,177.1388779,173.9689762,174.2751007,67257600
9/19/2023,176.8327942,177.3857954,174.9170292,175.3021561,51826900
9/20/2023,173.2974854,177.4548784,173.2085983,177.0203732,58436200
9/21/2023,171.756958,174.0973581,171.6878404,172.3692221,63149100
9/22/2023,172.6062164,174.8676143,171.8754714,172.4877205,56725400
9/25/2023,173.8801117,174.7589917,171.9742167,172.023595,46172700
9/26/2023,169.8115692,173.0110796,169.5153143,172.6358375,64588900
9/27/2023,168.300705,170.8780972,166.9379564,170.4633463,66921800
9/28/2023,168.5574493,169.8807041,165.5257978,167.2243098,56294400
9/29/2023,169.0709686,170.907731,168.2118279,169.8708464,51861100
10/2/2023,171.5792236,172.1223551,168.7944486,169.0808338,52164500
10/3/2023,170.246109,171.4607528,168.685862,170.1078587,49594600
10/4/2023,171.4903412,172.0334726,168.8339469,168.9524429,53020300
10/5/2023,172.7247467,173.2579935,170.5225966,171.6187293,48527900
10/6/2023,175.2724915,175.7662446,171.0163268,171.6285909,57266700
10/9/2023,176.7537384,176.8129864,173.6035912,174.6009671,42390800
10/10/2023,176.1612396,177.4746247,175.7267345,175.8748694,43698000
10/11/2023,177.5536652,177.6030435,175.381154,175.9736488,47551100
10/12/2023,178.45224,180.0618647,176.8030915,177.8202367,56743100
10/13/2023,176.615509,179.6570152,175.9143729,179.1533924,51427100
10/16/2023,176.4871521,176.842655,174.3047562,174.5417632,52517000
10/17/2023,174.9367218,176.1908589,172.6160912,174.4429687,57549400
10/18/2023,173.6431122,175.3613786,172.9222368,173.386366,54764400
10/19/2023,173.267868,175.6181229,173.0012371,173.8406085,59302900
10/20/2023,170.720108,173.2283676,170.4831011,173.1197413,64244000
10/23/2023,170.8385925,171.8359685,167.8069409,168.7747079,55980100
10/24/2023,171.2730865,171.5002088,169.3079437,170.8879597,43816600
10/25/2023,168.9623108,170.8978144,168.517921,169.7325644,57157000
10/26/2023,164.8049316,169.2388405,163.6001727,168.2414495,70625300
10/27/2023,166.1183167,166.8490768,164.7456834,164.8246858,58499100
10/30/2023,168.1624298,169.0314401,166.7601728,166.9083077,51131000
10/31/2023,168.6364594,168.7648249,165.802306,167.2342022,44846000
11/1/2023,171.796463,172.0532092,167.9945579,168.8635683,56934900
11/2/2023,175.3515015,175.5588694,173.2678626,173.3271105,77334800
11/3/2023,174.4429626,174.610852,171.1842043,172.0630842,79829200
11/6/2023,176.9907684,177.1882667,174.0085099,174.1763842,63841300
11/7/2023,179.5483856,180.1606346,176.7339869,176.9413548,70530000
11/8/2023,180.6050262,181.1580274,179.321265,180.0717795,49340300
11/9/2023,180.1310272,181.8196546,179.5385174,180.6741587,53763500
11/10/2023,184.3136902,184.4818007,181.4758178,181.9108955,66133400
11/13/2023,182.7315979,183.9478267,182.1482052,183.7401856,43627500
11/14/2023,185.342041,186.0045401,184.2148013,185.5991255,60108400
11/15/2023,185.9056702,187.3789986,185.6782487,185.7474725,53790500
11/16/2023,187.5866241,188.8226332,186.5384758,187.4481917,54412900
11/17/2023,187.566864,188.2491435,186.4594046,188.1205937,50922700
11/20/2023,189.3071594,189.7620174,187.7547398,187.7646224,46505100
11/21/2023,188.5062103,189.3763655,187.6162899,189.2675961,38134500
11/22/2023,189.1687317,190.7705948,188.6941084,189.3467249,39617700
11/24/2023,187.84375,188.7633337,187.1318074,188.7336707,24048300
11/27/2023,187.665741,188.5358963,186.785703,187.7942908,40552600
11/28/2023,188.2689056,188.9413025,187.2800983,187.6558499,38415400
11/29/2023,187.250412,189.9399687,186.8548951,188.7632858,43014200
11/30/2023,187.8239594,188.1898283,186.0836638,187.7151899,48794400
12/1/2023,189.0995178,189.4159283,187.1120054,188.1996995,45704800
12/4/2023,187.3097534,187.9228242,185.3519193,187.8536004,43389500
12/5/2023,191.2550964,192.2241233,188.0513555,188.0810336,66628400
12/6/2023,190.1674042,192.580081,189.959748,192.2735532,41089700
12/7/2023,192.0956116,192.8174367,191.4232147,191.4627755,47477700
12/8/2023,193.5194855,193.7963503,191.5023101,192.0263768,53406400
12/11/2023,191.0177612,191.3243041,189.277466,190.9485526,60943700
12/12/2023,192.5306854,192.5405681,189.574146,190.9189246,52696900
12/13/2023,195.7442932,195.7838389,192.669102,192.9064061,70404200
12/14/2023,195.8926239,197.3857176,193.9644526,195.8036349,66831600
12/15/2023,195.3586578,196.1793546,194.7950305,195.3190971,128538400
12/18/2023,193.697464,194.4291868,192.214253,193.8952224,55751900
12/19/2023,194.7357178,194.7456004,193.6974671,193.9644493,40714100
12/20/2023,192.6493225,195.4674142,192.6493225,194.6961457,52242800
12/21/2023,192.5010071,194.8741538,191.3342217,193.9051268,46482500
12/22/2023,191.4330902,193.2228289,190.8101368,192.9953924,37149600
12/26/2023,190.8892365,191.7198309,190.6716977,191.4429661,28919300
12/27/2023,190.9881439,191.3342325,188.9512031,190.3355425,48087700
12/28/2023,191.4133148,192.4812285,191.0079002,191.9670445,34049900
12/29/2023,190.3750763,192.2241412,189.5840274,191.7297375,42672100
1/2/2024,183.5622101,186.3308739,181.8317971,185.0553039,82488700
1/3/2024,182.1877289,183.7994895,181.3768997,182.1580659,58414500
1/4/2024,179.8739471,181.0407326,178.8554768,180.1112512,71983600
1/5/2024,179.1520996,180.714417,178.1534097,179.9530462,62379700
1/8/2024,183.4831085,183.5226693,179.4685527,180.0519455,59144500
1/9/2024,183.0677795,183.0776622,180.6847504,181.8614335,42841800
1/10/2024,184.1060333,184.3136744,181.8614365,182.2866315,46792900
1/11/2024,183.5127716,184.9564371,181.5648197,184.4521357,49128400
1/12/2024,183.8390503,184.6498795,183.1172252,183.9774827,40477800
1/16/2024,181.5746918,182.1976301,178.9049,180.1211438,65603000
1/17/2024,180.6352997,180.8825015,178.2819487,179.2410929,47317400
1/18/2024,186.5187225,187.0230088,183.7500591,184.0071436,78005800
1/19/2024,189.4159088,189.801543,186.7065867,187.2108729,68903000
1/22/2024,191.7198486,193.1437336,190.1080879,190.1476486,60133900
1/23/2024,192.9954071,193.5590345,191.6605263,192.8372094,42355600
1/24/2024,192.3230438,194.1820066,192.164831,193.2327448,53631300
1/25/2024,191.9967194,194.0732208,190.948586,193.0349701,54822100
1/26/2024,190.2662964,192.5801018,189.7916731,192.0955959,44594000
1/29/2024,189.5840454,190.0487861,187.4581155,189.8609103,47145600
1/30/2024,185.9353333,189.6532587,185.3717209,188.8028837,55859400
1/31/2024,182.3360596,185.0058513,182.2866313,184.9465102,55467800
2/1/2024,184.7685394,184.8575285,181.7625718,181.9306672,64885400
2/2/2024,183.7698517,185.2332823,177.2437172,177.8468902,102551700
2/5/2024,185.579361,187.1317958,183.759959,186.0441016,69668800
2/6/2024,187.1812134,187.191096,184.6795323,184.7685213,43490800
2/7/2024,187.2899933,188.9116366,186.4989444,188.506222,53439000
2/8/2024,186.2122192,187.4185504,185.2530748,187.2702353,40962000
2/9/2024,186.9745636,188.1032418,186.1329988,186.7765377,45155200
2/12/2024,185.2914124,186.7963215,184.9349869,186.5488042,41781900
2/13/2024,183.2023468,184.3607407,181.6875426,183.925108,56529500
2/14/2024,182.3211975,183.6874975,180.628188,183.4795915,54630500
2/15/2024,182.0341034,182.6578518,179.5490354,181.7271844,65434500
2/16/2024,180.4994659,183.0142495,179.8658224,181.5984431,49752500
2/20/2024,179.7569427,180.618298,178.2124374,179.9846544,53665600
2/21/2024,180.5094147,181.0737462,178.8658963,180.1331836,41371400
2/22/2024,182.539032,183.1231842,180.6480115,181.6578711,52292200
2/23/2024,180.7073975,183.2023605,180.420269,183.1726596,45119700
2/26/2024,179.3609314,180.945033,178.8559865,180.4302079,40867400
2/27/2024,180.8163147,182.0934971,177.7767955,179.3015103,54318900
2/28/2024,179.6183319,181.3014463,178.3411494,180.6975036,48953900
2/29/2024,178.9549713,180.7569041,177.7470859,179.4698114,136682600
3/1/2024,177.8758087,178.737164,175.6184525,177.7669005,73563100
3/4/2024,173.3611298,175.1432423,172.0641264,174.4006904,81510100
3/5/2024,168.4305267,170.3314573,167.9354923,169.0641703,95132400
3/6/2024,167.4404602,169.5394167,167.0048274,169.3611964,68587700
3/7/2024,167.3216705,169.0344858,166.8167408,167.4701748,71765100
3/8/2024,169.0344849,171.9749912,167.2622679,167.3216696,76267000
3/11/2024,171.0344086,172.6482258,170.3413633,171.2225241,60139500
3/12/2024,171.5096741,172.3017324,169.3117194,171.4304667,59825400
3/13/2024,169.4305115,171.4700512,169.0641757,171.054224,52488700
3/14/2024,171.2819214,172.5789092,170.3413589,171.1928188,72913500
3/15/2024,170.9056854,170.9056854,168.5988231,169.4700886,121752700
3/18/2024,171.9947815,175.9451621,171.7967707,173.8264151,75604200
3/19/2024,174.3313446,174.8560799,171.3116312,172.6086192,55215200
3/20/2024,176.8956604,176.8956604,173.3512109,173.9749593,53423100
3/21/2024,169.6681213,175.7273539,169.143386,175.2917212,106181300
3/22/2024,170.5690918,171.3314492,168.3711373,170.0542517,71160100
3/25/2024,169.1533051,170.2324767,167.7671993,168.8760869,54288300
3/26/2024,168.0246429,169.7176527,167.8959291,168.3117564,57388400
3/27/2024,171.5888519,171.8759804,168.4206342,168.7176579,60273300
3/28/2024,169.7770538,170.5196057,168.8166855,170.0443767,65672700
4/1/2024,168.3414459,169.5493314,167.7969049,169.4899297,46240500
4/2/2024,167.1632538,167.6582883,166.5593111,167.4008758,49329500
4/3/2024,167.9652252,168.9849952,166.9058591,167.1137651,47691700
4/4/2024,167.1434631,170.2126681,167.1434631,168.5988507,53704400
4/5/2024,167.8959045,168.697858,167.2721562,167.9057998,42104800
4/8/2024,166.7771301,167.5196819,166.5692241,167.351372,37425500
4/9/2024,167.9850159,168.3909478,166.6781326,167.0246477,42373800
4/10/2024,166.1137848,167.4107728,165.4504403,167.1236595,49709300
4/11/2024,173.3016663,173.7175085,166.490002,166.6682072,91070300
4/12/2024,174.7967072,176.5887299,172.479949,172.5294404,101670900
4/15/2024,170.9750214,174.8758957,170.7869058,173.6185038,73531800
4/16/2024,167.6979065,172.0343988,166.5989292,170.0443654,73711200
4/17/2024,166.331604,168.955281,166.331604,167.9256158,50901200
4/18/2024,165.381134,166.9652506,164.8960098,166.3613079,43122900
4/19/2024,163.3614044,164.7474951,162.4505426,164.5593947,68149400
4/22/2024,164.1930695,165.5989659,163.1337033,163.8762552,48116400
4/23/2024,165.2425232,165.3910426,163.2821906,163.7079282,49537800
4/24/2024,167.3414764,167.6186946,164.5593848,164.8860943,48251800
4/25/2024,168.2028198,168.9156707,166.4800943,167.8463944,50558300
4/26/2024,167.6186829,169.638417,167.4998643,168.1929247,44838400
4/29/2024,171.7769928,174.2818665,171.3809712,171.648279,68169400
4/30/2024,168.6384735,173.2521992,168.3117489,171.6086808,65934800
5/1/2024,167.6186829,170.9948217,167.4305673,167.895901,50383100
5/2/2024,171.3116455,171.6977718,169.1928984,170.7968054,94214900
5/3/2024,181.5588531,185.142898,180.8460023,184.7963678,163224100
5/6/2024,179.9054565,182.3707188,178.628259,180.5391001,78569700
5/7/2024,180.5885925,183.0637652,179.5193312,181.6281681,77305800
5/8/2024,180.9252167,181.2519413,179.6480192,181.0341249,45057100
5/9/2024,182.7370453,182.8261479,180.3014689,180.7469969,48983000
5/10/2024,181.4779663,183.5004401,180.5658691,183.3120694,50759500
5/13/2024,184.6802063,185.4931713,183.0344589,183.8474239,72044800
5/14/2024,185.8203278,186.6828664,184.6901188,185.8996425,52393600
5/15/2024,188.090683,189.0126889,185.7608588,186.2962297,70400000
5/16/2024,188.2096252,189.4588139,188.0311784,188.8342196,52845200
5/17/2024,188.2393951,189.1713249,187.5553184,187.8824862,41282900
5/20/2024,189.3993225,190.2717698,187.3867576,187.7040166,44361300
5/21/2024,190.6980896,191.0748158,189.2803627,189.4489009,42309400
5/22/2024,189.2605438,191.1640682,188.6359646,190.6187885,34648500
5/23/2024,185.2750549,189.359667,185.027202,189.3398345,51005900
5/24/2024,188.3484192,188.9432724,186.4250778,187.1983929,36327000
5/28/2024,188.3583679,191.3425125,187.4760119,189.8653032,52280100
5/29/2024,188.655777,190.5989511,187.8824769,187.9816241,53068000
5/30/2024,189.647171,190.529527,188.9928507,189.1217239,49889100
5/31/2024,190.5989532,190.9162123,188.2790528,189.795912,75158300
6/3/2024,192.3636627,193.3154249,190.8666361,191.2433624,50080500
6/4/2024,192.6809082,193.642579,191.3722372,192.968411,47471400
6/5/2024,194.1878662,195.2090194,193.1964542,193.7219014,54156800
6/6/2024,192.8097687,194.8124248,192.5024334,194.0093836,41181800
6/7/2024,195.1990967,195.2486703,192.4727138,192.9783285,53103900
6/10/2024,191.4614716,195.6055814,190.4998008,195.2090075,97010200
6/11/2024,205.3710022,205.380926,191.967122,191.9869394,172373300
6/12/2024,211.2401428,218.3088995,205.123118,205.5890828,198134300
6/13/2024,212.4001007,214.8885392,209.7827738,212.8958067,97862700
6/14/2024,210.6651306,213.3221074,209.485348,212.0134515,70122700
6/17/2024,214.8092194,217.0696373,210.8931453,211.537557,93728300
6/18/2024,212.449646,216.7523851,211.1707313,215.7213082,79943300
6/20/2024,207.8792572,212.4001085,207.0563986,212.0927581,86172500
6/21/2024,205.7080688,210.0702753,205.3313275,208.5831574,241805100
6/24/2024,206.3524933,210.8733296,204.8158017,205.9361021,80727000
6/25/2024,207.2745056,209.5646648,206.8184495,207.3538053,55549700
6/26/2024,211.4186096,213.0147835,208.8310237,209.6836386,66213200
6/27/2024,212.2613068,213.8872218,210.5263358,212.8462362,49772700
6/28/2024,208.8111725,214.2143795,208.4939285,213.9169529,82542700
7/1/2024,214.8885193,215.6419868,210.0999982,210.2685364,60402900
7/2/2024,218.3783112,218.4873671,213.2527133,214.2936837,58046200
7/3/2024,219.6473389,219.6473389,217.1489763,218.1106472,37369800
7/5/2024,224.3961639,224.5052199,219.7464397,219.7464397,60412400
7/8/2024,225.8634644,225.8932055,221.3327048,225.1397228,59085900
7/9/2024,226.7160645,227.4298822,224.4259054,225.9725055,48076100
7/10/2024,230.9791565,231.0783037,227.2811941,227.3307677,62627700
7/11/2024,225.6156158,230.3942134,223.8310714,229.4028015,64710600
7/12/2024,228.5601044,230.6420755,226.7160775,226.9540219,53046500
7/15/2024,232.3869476,235.1926452,231.0882004,234.4490862,62631300
7/16/2024,232.80336,234.2409043,230.3347388,232.9818069,43234300
7/17/2024,226.9143829,229.4722277,224.6936146,227.4794799,57345900
7/18/2024,222.254715,228.4609632,220.3611297,228.3023337,66034600
7/19/2024,222.3836212,224.8522425,221.3624681,222.889251,49151500
7/22/2024,222.0366364,225.8238223,221.1740976,225.0604308,48201800
7/23/2024,223.0775909,224.9910238,220.7675994,222.4430879,39960300
7/24/2024,216.663147,222.8693951,215.2652677,222.0762625,61777600
7/25/2024,215.6221771,218.9533217,212.7768147,217.0497975,51391200
7/26/2024,216.0881653,217.6050244,214.1548998,216.8218005,41601300
7/29/2024,216.3657227,217.4166168,213.8971018,215.0967167,36311800
7/30/2024,216.9209442,218.4378033,214.2639522,217.3075943,41643800
7/31/2024,220.1727448,221.8978068,218.7352006,219.5382418,50036300
8/1/2024,216.484726,222.5521626,215.1562375,222.4431067,62501000
8/2/2024,217.9718323,223.6625423,215.8403026,217.2679231,105568600
8/5/2024,207.4727783,211.6664465,194.3167378,197.380197,119548600
8/6/2024,205.4502869,208.1865934,199.343201,203.5368691,69660500
8/7/2024,208.0180664,211.8052523,204.6175155,205.1231301,63516400
8/8/2024,211.4780731,212.3604291,207.036552,211.2797938,47161100
8/9/2024,214.3829193,214.9182751,210.1495862,210.2784746,42201600
8/12/2024,215.9114532,217.8767167,213.9958208,214.4623249,38028100
8/13/2024,219.623642,220.239024,217.3804478,217.3804478,44155300
8/14/2024,220.0702972,221.3705478,218.0653228,218.9288599,41960600
8/15/2024,223.0479736,223.673291,221.1025503,222.9288713,46414000
8/16/2024,224.3680725,225.1422677,221.9859207,222.253916,44340200
8/19/2024,224.209259,224.308521,221.3804585,224.0405257,40687800
8/20/2024,224.824646,225.4797389,223.7725354,224.0901617,30299000
8/21/2024,224.7154694,226.2837152,223.3755231,224.8345868,34765500
8/22/2024,222.859375,226.6410241,222.2340577,226.0951134,43695300
8/23/2024,225.1521912,226.5219281,222.6608723,223.9809782,38677300
8/26/2024,225.4896545,225.5889165,222.2241405,225.0727814,30602200
8/27/2024,226.3333588,227.1472649,223.2167223,224.318464,35934600
8/28/2024,224.8047943,228.1497148,224.0008084,226.224147,38052200
8/29/2024,228.0802155,231.1869312,227.1769979,228.3879216,51906300
8/30/2024,227.2961273,228.6857046,225.7874326,228.4772756,52990800
9/3/2024,221.1124878,227.2961293,219.5243865,226.8494806,50190600
9/4/2024,219.2067719,220.1298449,215.861836,220.0107426,43840200
9/5/2024,220.7253876,223.802313,219.8717858,219.9809679,36615400
9/6/2024,219.177002,223.5641132,218.1348114,222.283703,48423000
9/9/2024,219.2663116,219.6236337,215.097565,219.1769849,67180000
9/10/2024,218.4722748,219.8320765,215.1174188,217.2911265,51591000
9/11/2024,221.0032959,221.4300892,216.268783,219.8122276,44587100
9/12/2024,221.1124878,221.886683,218.1844402,220.8444925,37455600
9/13/2024,220.8444824,222.3730173,220.258876,221.9164485,36766600
9/16/2024,214.7104645,215.6037619,212.3283127,214.9288136,59357400
9/17/2024,215.1769714,215.2861536,212.9040168,214.1447162,45519300
9/18/2024,219.0479431,221.0529174,215.9213718,215.9313071,59894900
9/19/2024,227.167099,228.1100427,222.9586562,223.3159782,66781300
9/20/2024,226.5020599,231.355675,225.9263736,228.2588944,318679900
9/23/2024,224.7849426,227.7427656,224.1298497,225.6484645,54146000
9/24/2024,225.6782532,227.6435319,224.0504562,226.9487281,43556100
9/25/2024,224.6856995,225.5988524,222.3531936,223.2564113,42308700
9/26/2024,225.8271484,226.7998525,223.7328472,225.6087841,36636700
9/27/2024,226.0951233,227.8122621,225.6087788,226.7601515,34026000
9/30/2024,231.2663574,231.2663574,227.9412771,228.3283747,54541900
10/1/2024,224.5268707,227.9412624,222.0752478,227.81224,63285000
10/2/2024,225.0926361,225.6782426,221.3606179,224.2092588,32880600
10/3/2024,223.9908905,225.1224077,221.6583849,223.4648352,34044200
10/4/2024,225.1124878,226.3035561,222.4623559,226.2042941,37245100
10/7/2024,220.0405121,224.01075,219.6831901,222.8296018,39505400
10/8/2024,224.0901642,224.2985932,221.58891,222.6311005,31855700
10/9/2024,227.8321075,228.0405517,223.1571606,223.5541784,33591100
10/10/2024,227.3358154,227.7923995,225.4797341,226.0851959,28183500
10/11/2024,225.8569183,227.7030796,225.6484742,227.5938975,31759200
10/14/2024,229.5790253,230.0058186,226.8991175,226.9983644,39882100
10/15/2024,232.1100311,235.7229469,230.6410323,231.8718114,64751400
10/16/2024,230.0554199,230.3928865,228.1298522,229.8767665,34082200
10/17/2024,230.4226837,232.110047,228.804822,231.6931587,32993800
10/18/2024,233.2514954,234.4227084,232.2688559,234.4227084,46431500
10/21/2024,234.720459,235.0877163,232.7055645,232.7055645,36254500
10/22/2024,234.1051025,234.4624246,230.8693638,232.149759,38846600
10/23/2024,229.0430145,233.3904298,226.0653362,232.3383192,52287000
10/24/2024,228.8544464,229.1025863,226.7105143,228.2688248,31109500
10/25/2024,229.6882019,231.4847322,227.861896,228.0306293,38802300
10/28/2024,231.6634064,232.9835125,230.8197398,231.5840149,36087100
10/29/2024,231.9313812,232.5864741,230.591435,231.3656302,35417200
10/30/2024,228.3879547,231.7328755,227.8420439,230.8792737,47070900
10/31/2024,224.229126,228.1199575,223.6931354,227.6335979,64370100
11/1/2024,221.2514496,223.6732973,218.631093,219.3258817,65276700
11/4/2024,220.3581085,221.1323036,218.075234,219.3457088,44944500
11/5/2024,221.7874146,222.2836943,219.4946046,220.1496975,28111300
11/6/2024,221.0628357,224.3879158,219.544221,220.9536536,54561100
11/7/2024,225.7874298,226.1844627,222.8990932,222.9586443,42137700
11/8/2024,225.5191498,227.2083543,224.9726384,225.7278081,38328800
11/11/2024,222.8064728,224.2671417,220.0938084,223.5715887,42005600
11/12/2024,222.8064728,224.1578394,221.9420008,223.1244485,40398300
11/13/2024,223.6908417,225.2111274,221.3458233,222.5878878,48566200
11/14/2024,226.7711639,227.4170314,223.5716047,223.5914819,44923900
11/15/2024,223.571579,225.479388,222.8462177,224.962685,47923700
11/18/2024,226.5724182,228.2815,223.7405054,223.8199993,44633700
11/19/2024,226.8307648,228.6988345,225.2210542,225.5390148,36211800
11/20/2024,227.5461731,228.4702616,224.4559166,226.6121383,35169600
11/21/2024,227.0692444,228.6988322,224.2770861,227.4269595,42108300
11/22/2024,228.410675,229.2552849,226.6121682,226.6121682,38168300
11/25/2024,231.3916168,231.7692092,228.281498,229.9905797,90152800
11/26/2024,233.5677185,234.0744905,231.8487057,231.8487057,45986200
11/27/2024,233.4385681,234.1937531,232.3256832,232.9814969,33498400
11/29/2024,235.8233337,236.3002823,232.4846638,233.3193275,28481400
12/2/2024,238.0689545,239.2613332,235.6543886,235.7636909,48137100
12/3/2024,241.1095123,241.2188146,237.3833195,238.2875459,38861000
12/4/2024,241.4672546,242.5602774,239.7184334,241.328144,44383900
12/5/2024,241.4970551,242.9875323,240.5928437,242.4410361,40033900
12/6/2024,241.2983246,243.0769692,240.5431549,241.3678875,36870600
12/9/2024,245.1835175,245.6704122,240.2152598,240.2947537,44649200
12/10/2024,246.1970215,246.6342305,243.7824406,245.3226034,36914800
12/11/2024,244.9251404,249.2077755,244.6965896,246.3858092,45205800
12/12/2024,246.3858185,247.1608654,244.1202792,245.3226042,32777500
12/13/2024,246.5547638,247.7073881,244.676763,246.2467342,33155300
12/16/2024,249.4462738,249.7841268,246.0777957,246.4156488,51694800
12/17/2024,251.8707886,252.2185727,248.1942809,248.4923794,51356400
12/18/2024,246.4752502,252.6656947,246.1672207,250.5591584,56774100
12/19/2024,248.2042084,250.4001849,245.5213523,245.928753,60882300
12/20/2024,252.8743744,253.3811312,244.1302382,246.4653101,147495300
12/23/2024,253.6494293,254.0270066,251.8409763,253.1526036,40858800
12/24/2024,256.5608215,256.5707374,253.669277,253.8680194,23234700
12/26/2024,257.3755798,258.4487403,255.9944201,256.5508625,27237100
12/27/2024,253.967392,257.057664,251.4534548,256.1931617,42355300
12/30/2024,250.5989075,251.8906575,249.1581158,250.6287158,35557500
12/31/2024,248.8302155,251.6720594,247.846495,250.8373958,39480700
1/2/2025,242.3019257,247.5185961,240.2848143,247.349662,55740700
1/3/2025,241.8150482,242.6298346,240.3543792,241.8150482,40244100
1/6/2025,243.4446106,245.7598203,241.6560349,242.7589887,45045600
1/7/2025,240.672348,243.9911406,239.8178071,241.4374488,40856000
1/8/2025,241.1591949,242.1627926,238.5260248,240.3841481,37628900
1/10/2025,235.3463593,238.6353432,231.520795,238.4862864,61710900
1/13/2025,232.911911,233.1802012,228.2616292,232.047439,49630700
1/14/2025,231.7990112,234.6209777,230.994156,233.2596801,39435300
1/15/2025,236.3598785,237.4429702,232.9417149,233.1503884,39832000
1/16/2025,226.8108978,236.4990005,226.5823622,235.843202,71759100
1/17/2025,228.5199585,230.8152909,227.0294813,230.646372,68488300
1/21/2025,221.2265625,222.9952609,217.9872642,222.5779291,98070400
1/22/2025,222.4090118,222.6971641,218.3946514,218.3946514,64126500
1/23/2025,222.2401123,225.5887132,220.8887456,223.3132578,60234800
1/24/2025,221.3656616,224.1975742,220.004364,223.3529645,54697900
1/27/2025,228.4007263,230.6761815,222.5580509,222.5978054,94863400
1/28/2025,236.747406,238.6651613,229.3447052,229.3844598,75707600
1/29/2025,237.8404388,238.3372646,232.5243969,232.6336992,45486100
1/30/2025,236.0816498,239.2613315,235.7040725,237.1547952,55658300
1/31/2025,234.5017548,245.6207175,231.9580093,245.6207175,100959800
2/3/2025,226.5625,230.3582565,224.2671672,228.5299411,73063300
2/4/2025,231.3220673,231.6499741,225.2111016,225.8072985,45067300
2/5/2025,230.9941711,231.1928984,226.8208378,227.0791817,39620300
2/6/2025,231.7394104,232.3157301,228.9671141,229.8216551,29925300
2/7/2025,226.1848907,232.5144458,225.8172294,231.1233398,39707200
2/10/2025,226.4534607,229.3780104,226.0058289,228.3633825,33115600
2/11/2025,231.3973541,233.9936367,226.9309631,227.0005873,53718400
2/12/2025,235.6250153,235.7145538,229.4675472,229.9848184,45243300
2/13/2025,240.2605286,241.0662688,234.3318625,235.6648159,53614100
2/14/2025,243.3144073,244.2594112,239.7233806,239.9820086,40896200
2/18/2025,243.1850739,243.8913336,240.5688922,242.8667485,48822500
2/19/2025,243.582962,244.7169696,241.8819583,243.3740743,32204200
2/20/2025,244.5379028,245.4829065,243.0059887,243.6525813,32316900
2/21/2025,244.2593842,247.3828796,243.9311168,244.6572757,53197400
2/24/2025,245.8012543,247.5519983,243.1353324,243.6426464,51326400
2/25/2025,245.7415619,248.6860109,243.6227674,246.6965229,48013300
2/26/2025,239.0966644,243.6923768,237.8731336,243.0457993,44433600
2/27/2025,236.0527649,241.1856478,235.8140209,238.1516754,41153600
2/28/2025,240.5688934,240.8175794,228.9900735,235.7045957,56833400
3/3/2025,236.7789001,242.7473638,234.8689936,240.5191319,47184000
3/4/2025,234.6899414,238.8081961,233.4465114,236.4605997,53798100
3/5/2025,234.500946,235.3066862,228.0251532,234.1826207,47227600
3/6/2025,234.0931244,236.6098257,231.9345316,233.2078028,45170400
3/7/2025,237.8134613,240.1013604,233.5261018,233.8742683,46273600
3/10/2025,226.2843628,234.9187487,223.0415028,234.3019971,72071200
3/11/2025,219.6792755,224.6529958,216.3070937,222.6336666,76137400
3/12/2025,215.8395538,220.5844871,213.7804416,218.9829486,62547500
3/13/2025,208.5779266,215.7002977,207.3245546,214.8149761,61368300
3/14/2025,212.3679047,212.8254784,208.4784519,210.1396726,60107600
3/17/2025,212.8752136,214.0888025,208.8663966,212.1888378,48073400
3/18/2025,211.572113,214.0191749,210.3784232,213.034388,42432400
3/19/2025,214.1087036,217.6101916,212.6265296,213.0940605,54385400
3/20/2025,212.9747162,216.3468981,211.1045924,212.8652937,48862900
3/21/2025,217.1227722,217.6897684,210.1695063,210.4480334,94127800
3/24/2025,219.5698395,220.3158975,217.4311459,219.8384246,44299500
3/25/2025,222.5739594,222.9221258,218.9232509,219.6096266,34493600
3/26/2025,220.3656464,223.8373085,219.3112201,222.3352353,34466100
3/27/2025,222.6734467,223.8074542,219.4007305,220.2263698,37094800
3/28/2025,216.7546997,222.6336401,216.5358548,220.5048886,39818600
3/31/2025,220.9624786,224.4341253,215.0934802,215.8693793,65299300
4/1/2025,222.0169067,222.5043216,217.7494467,218.6546673,36412700
4/2/2025,222.7132416,224.0064119,219.8583311,220.1567573,35905900
4/3/2025,202.1220245,206.3994265,200.1922189,204.4596637,103419000
4/4/2025,187.3898926,198.8294494,186.3553502,192.8709269,125910900
4/7/2025,180.5062714,193.1295613,173.7022102,176.2686518,160466300
4/8/2025,171.5137482,189.3395577,168.3206286,185.7186904,120859500
4/9/2025,197.8048553,199.5555994,170.9865498,171.046232,184395900
4/10/2025,189.4191437,193.756228,182.0381453,188.0762484,121880000
4/11/2025,197.1085205,198.4912141,185.082069,185.1218673,87435900
4/14/2025,201.4555511,211.8207814,200.1026988,210.3286655,101352900
4/15/2025,201.0775452,202.4403395,198.7498479,200.7990181,51343900
4/16/2025,193.2489014,199.6450973,191.3588789,197.3174003,59732400
4/17/2025,195.9446564,197.7849387,193.3981143,196.1635013,52164700
4/21/2025,192.1447601,192.7813957,188.8123616,192.2541826,46742500
4/22/2025,198.6901703,200.5304376,194.9399812,195.0891867,52976400
4/23/2025,203.5246429,206.9067667,201.7341006,204.9172786,52929200
4/24/2025,207.2747955,207.7323844,201.8733431,203.8130908,47311000
4/25/2025,208.1800232,208.6475541,205.1162099,205.2853145,38222300
4/28/2025,209.0354767,210.388329,206.3695704,208.8962131,38743100
4/29/2025,210.099884,211.1244691,207.2747996,207.5931249,36827600
4/30/2025,211.3830872,212.4574124,205.5837282,208.1999096,52286500
5/1/2025,212.1987915,213.4322643,207.8020098,207.9810716,57365700
5/2/2025,204.2706757,205.9020551,201.09744,205.0067765,101010600
5/5/2025,197.844635,203.027258,197.1682164,202.032514,69018500
5/6/2025,197.466629,199.5953806,195.9844702,197.168218,51216500
5/7/2025,195.2185059,198.3917416,192.2342739,198.1231565,68536700
5/8/2025,196.4520111,198.9985535,193.6567675,196.680798,50478900
5/9/2025,197.4865417,199.4859719,196.5017396,197.9540727,36453900
5/12/2025,209.9570465,210.4351607,205.9330175,210.1363431,63775800
5/13/2025,212.0885773,212.5567212,208.1741144,209.5984563,51909300
5/14/2025,211.4909668,213.0946054,209.747882,211.5905625,49325800
5/15/2025,210.6144409,212.1184838,208.7119847,210.1164167,45029500
5/16/2025,210.4251862,211.7300224,208.9410837,211.5208455,54737900
5/19/2025,207.9550018,208.6522327,203.4528584,207.0884445,46140500
5/20/2025,206.0425873,207.6462259,204.2198168,206.8493841,42496600
5/21/2025,201.2914276,206.2218644,199.9168911,204.3592587,59211800
5/22/2025,200.5643158,201.9488225,198.9108717,199.9168904,46742400
5/23/2025,194.4983826,196.918773,192.6955373,192.904699,78432900
5/27/2025,199.4188538,199.9467582,196.6498253,197.5163977,56288500
5/28/2025,199.6280365,201.9289061,199.110087,199.7973629,45339700
5/29/2025,199.1598816,203.0046292,197.7255694,202.7755423,51396800
5/30/2025,200.0563354,201.1619498,196.002411,198.5821728,70819900
6/2/2025,200.9029846,201.3312934,199.3292261,199.4885975,35423300
6/3/2025,202.4667664,202.9647906,200.1658969,200.5543552,46381600
6/4/2025,202.0185699,205.4250541,201.3014138,202.1082107,43604000
6/5/2025,199.8371887,203.9409031,199.3590746,202.6958427,55126100
6/6/2025,203.1141968,204.8871618,201.2515911,202.197834,46607700
6/9/2025,200.6539459,205.1859692,199.229604,203.5823306,72862600
6/10/2025,201.8691406,203.5425099,199.777448,199.8073282,54672600
6/11/2025,197.9945221,203.6919208,197.625989,202.6958723,60989900
6/12/2025,198.4128418,198.8909408,196.5801164,198.2933209,43904600
6/13/2025,195.6737213,199.5782295,194.926685,198.9407591,51447300
6/16/2025,197.63591,197.9048473,195.7832595,196.5203408,43020700
6/17/2025,194.8669128,197.606046,194.4386193,196.4207459,38856200
6/18/2025,195.8032074,196.7893008,194.2991797,195.165737,45394700
6/20/2025,200.2057495,200.9029804,196.0821093,197.4566611,96813500
6/23/2025,200.7037659,201.5006077,198.1738095,200.833257,55814300
6/24/2025,199.5085144,202.636106,199.4089035,201.7894587,54064000
6/25/2025,200.7635345,202.8651975,199.8272465,200.6539686,39525700
6/26/2025,200.2057495,201.8392685,198.6718415,200.6340431,50799100
6/27/2025,200.2854309,202.4169741,199.2096967,201.0922277,73188600
6/30/2025,204.3592529,206.5704816,198.4726031,201.2117363,91912800
7/1/2025,206.9987946,209.3594245,205.3254253,205.8533297,78788900
7/2/2025,211.6005402,212.4969777,207.3175287,208.0844903,67941800
7/3/2025,212.7061462,213.8017904,210.9730165,211.3116693,34955800
7/7/2025,209.1203766,215.3755599,207.9749269,211.8395847,50229000
7/8/2025,209.1801147,210.5945016,207.6262817,209.2697707,42848900
7/9/2025,210.3056641,210.4949157,206.4011561,208.7020255,48749400
7/10/2025,211.5706635,212.6364274,209.2000632,209.6781622,44443600
7/11/2025,210.325592,211.2917602,209.030726,209.7379271,39765800
7/14/2025,207.7956085,210.0765678,206.7198744,209.1004295,38840100
7/15/2025,208.2836914,211.0527049,208.0944398,208.3932573,42296300
7/16/2025,209.3295441,211.5606828,207.8155462,209.4689902,47490500
7/17/2025,209.1901093,210.9630744,208.7618005,209.737939,48068100
7/18/2025,210.3455048,210.9530949,208.8713573,210.0367322,48974600
7/21/2025,211.6403809,214.9273439,210.7937488,211.2618928,51377400
7/22/2025,213.5527649,214.1005945,211.3913417,212.2977494,46404100
7/23/2025,213.3037872,214.2998358,211.5706725,214.1504346,46989300
7/24/2025,212.9153137,214.8376952,212.6862268,213.0547599,46022600
7/25/2025,213.0348511,214.3894776,212.5567369,213.8516029,40268800
7/28/2025,213.2041779,214.0010197,212.2180844,213.1842526,37858000
7/29/2025,210.4351501,213.9611548,209.9869314,213.3336394,51411700
7/30/2025,208.2239227,211.5507208,206.8991765,211.0626516,45512500
7/31/2025,206.7497864,209.0108054,206.3414029,207.6661491,80698400
8/1/2025,201.580307,212.7360475,200.7037794,210.0367493,104434500
8/4/2025,202.5464478,207.0585458,200.8830336,203.7018523,75109300
8/5/2025,202.1181488,204.5285842,201.3611575,202.5962478,44155100
8/6/2025,212.4073486,214.5289369,204.7776133,204.8174637,108483100
8/7/2025,219.1605377,219.9773047,215.7241736,218.0150881,90224800
8/8/2025,228.4437256,230.0871995,218.3836298,219.9573883,113854000
8/11/2025,226.539093,228.9123836,224.1259219,227.2770109,61806100
8/12/2025,229.0021362,230.1489011,226.429428,227.3667634,55626200
8/13/2025,232.6717529,234.3370399,229.779925,230.4181341,69878500
8/14/2025,232.1233063,234.4567013,230.1987583,233.3996941,51916300
8/15/2025,230.9366608,233.6190745,228.6930082,233.3398656,56038700
8/18/2025,230.2386322,232.4623369,229.4608339,231.0463447,37476200
8/19/2025,229.9095612,232.2130419,228.7029832,230.6275312,39402600
8/20/2025,225.3723907,229.8198152,225.1330776,229.3311921,42263900
8/21/2025,224.2655182,225.8809583,223.1486827,225.6316636,30621200
8/22/2025,227.1174622,228.4437119,224.7741009,225.5319513,42477800
8/25/2025,226.519165,228.6531273,225.5917807,225.8410755,30983100
8/26/2025,228.6630859,228.842586,224.0561244,226.229967,54575100
8/27/2025,229.8397827,230.2486145,227.6160627,227.9650814,31259500
8/28/2025,231.9039154,232.7515235,228.6929982,230.1688339,38074700
8/29/2025,231.4851074,232.7216147,230.7172754,231.8540587,39418400
9/2/2025,229.0719299,230.1987469,226.3296881,228.6032546,44075600
9/3/2025,237.7972565,238.1761893,233.6988505,236.5408165,66427800
9/4/2025,239.1035309,239.2231875,236.072114,237.7772813,47549400
9/5/2025,239.0138092,240.6392157,237.8171976,239.3229322,54870400
9/8/2025,237.2089233,239.4725085,235.6732593,238.6249156,48999500
9/9/2025,233.6888885,238.1063839,232.7016759,236.3314066,66313900
9/10/2025,226.1501923,231.7643142,225.3125657,231.5349674,83440800
9/11/2025,229.381073,229.7998863,226.0106033,226.2399654,50208600
9/12/2025,233.4096832,233.8484292,228.3739265,228.5733593,55824200
9/15/2025,236.0322418,237.5180439,234.3669549,236.3313985,42699500
9/16/2025,237.4781494,240.5394959,235.6533254,236.5108847,63421100
9/17/2025,238.3157959,239.4226651,237.0593407,238.2958481,46508000
9/18/2025,237.2089233,240.5195494,235.9823823,239.2930236,44249600
9/19/2025,244.8074188,245.605165,239.5323492,240.5494607,163741300
9/22/2025,255.3575592,255.9160074,247.4200237,247.5995238,105517400
9/23/2025,253.7122345,256.6140289,252.8646415,255.1581562,60275200
9/24/2025,251.5982056,255.0185371,250.3317841,254.4999998,42303700
9/25/2025,256.1453247,256.4444966,250.9998934,252.4956617,55202100
9/26/2025,254.7393341,256.8732964,253.0640656,253.3831702,46076300
9/29/2025,253.7122345,254.2806338,252.2962422,253.8418726,40127700
9/30/2025,253.9116669,255.1980209,252.3959507,254.1410138,37704300
10/1/2025,254.7293396,258.0599286,254.2108023,254.3204926,48713900
10/2/2025,256.4046021,257.4516277,253.4329981,255.8561354,42630200
10/3/2025,257.2920837,258.5086432,253.2335736,253.9515436,49155600
10/6/2025,255.9658661,258.3391568,254.3304932,257.2621865,44664100
10/7/2025,255.7564545,256.673842,254.7093984,256.0855101,31955800
10/8/2025,257.3319702,257.790664,255.3874593,255.7963063,36496900
10/9/2025,253.3233032,257.2721381,252.4258484,257.0826717,38322000
10/10/2025,244.578064,255.6567217,243.3116425,254.2207817,61999100
10/13/2025,246.9613342,248.9856062,244.8672524,248.6764832,38142900
10/14/2025,247.0710144,248.1479694,244.009668,245.9043169,35478000
10/15/2025,248.6365814,251.109596,246.7718618,248.7861674,33893600
10/16/2025,246.7519073,248.3374181,244.4384603,247.5496535,39777000
10/17/2025,251.5782471,252.6651836,246.5724202,247.3203043,49147000
10/20/2025,261.5001831,263.6341605,254.9088452,255.1681063,90483000
10/21/2025,262.0286865,264.5415968,261.0913359,261.1412131,46695900
10/22/2025,257.7209167,262.1084981,254.7094168,261.9090502,45015300
10/23/2025,258.8476868,259.8847613,257.282139,259.206687,32754900
10/24/2025,262.0785522,263.3848541,258.4488066,260.4531459,38253700
10/27/2025,268.0516357,268.3607587,263.9033682,264.1327303,44888200
10/28/2025,268.2410889,269.1285926,267.3934808,268.2311073,41534800
10/29/2025,268.9391479,270.6443153,266.3564279,268.5203194,51086700
10/30/2025,270.6343384,273.3666292,267.7225931,271.2226703,69886500
10/31/2025,269.6072388,276.5376439,268.4006609,276.2085578,86167100
11/3/2025,268.2909851,270.0859255,265.4988962,269.6571458,50194600
11/4/2025,269.2781982,270.7240894,266.8650119,267.5730004,49274800
11/5/2025,269.3778992,270.9334957,266.1769333,267.8521864,43683100
11/6/2025,269.0089417,272.6287059,267.1342709,267.1342709,51204000
11/7/2025,267.712616,271.5218466,266.0173997,269.0388505,48227400
11/10/2025,268.9303284,273.2223722,266.9639806,268.4611988,41312400
11/11/2025,274.739563,275.3983427,269.2996575,269.3096488,46208300
11/12/2025,272.9628906,275.2187095,271.1961838,274.4900522,48398000
11/13/2025,272.4438171,276.1868626,271.5853962,273.6016391,49602800
11/14/2025,271.9048462,275.4482509,269.1000595,270.5473523,47431300
11/17/2025,266.9639893,269.9883689,265.237217,268.321483,45018300
11/18/2025,266.9440308,270.2079555,264.8279672,269.4892896,45677300
11/19/2025,268.0619812,271.7052066,265.0076581,265.0376012,40424500
11/20/2025,265.7562561,274.9192251,265.4268815,270.3277494,45823600
11/21/2025,270.9865112,272.8230953,265.1773276,265.4568071,59030800
11/24/2025,275.4083557,276.4863396,270.3976452,270.3976452,65585800
11/25/2025,276.4563599,279.8600397,274.7395484,274.7595003,46914200
11/26/2025,277.0353088,279.0116482,276.1170319,276.4464066,33431400
11/28/2025,278.3328857,278.4826015,275.4781737,276.745838,20135600
12/1/2025,282.5750122,282.8944261,275.6279277,277.494455,46587700
12/2/2025,285.6592712,286.8670188,282.1058756,282.4751846,53669500
12/3/2025,283.6230469,288.0847586,282.7746171,285.6692635,43538700
12/4/2025,280.1794434,284.2019684,278.0733406,283.5731318,43989100
12/5/2025,278.2630005,280.6186397,277.5343433,280.0197463,47265800
12/8/2025,277.3746643,279.1513621,275.6378704,277.6142095,38211800
12/9/2025,276.6659851,279.5107061,276.406488,277.6441787,32193300
12/10/2025,278.2630005,279.2312028,275.9273437,277.2349118,33038300
12/11/2025,277.5144043,279.0715089,273.3022289,278.5824273,33248000
12/12/2025,277.763916,278.7021752,276.3066322,277.3846159,39532900
12/15/2025,273.6016541,279.6304615,272.3340202,279.6304615,50409100
12/16/2025,274.1007385,274.9891027,271.2859912,272.3140799,37648600
12/17/2025,271.3358765,275.6478725,271.1362656,274.5000112,50138700
12/18/2025,271.6852417,273.1225737,266.4549687,273.1025913,51630700
12/19/2025,273.1625061,274.0907742,269.3994779,271.6453054,144632000
12/22/2025,270.4674988,273.372106,270.0083604,272.353978,36571800
12/23/2025,271.8549194,271.9946744,269.060124,270.3377491,29642000
12/24/2025,273.3022156,274.9192064,271.695216,271.8349405,17910600
12/26/2025,272.8930054,274.8593535,272.3539982,273.6516058,21521800
12/29/2025,273.2523499,273.8512128,271.8449609,272.1843267,23715200
12/30/2025,272.5735474,273.5716928,271.7750432,272.3040591,22139600
