Date,Close,Next_Close,Delta_Percent,Actual_Label,Predicted_Label,Correct
2023-01-05,122.9335403,127.4567566,3.6793996894271506,UP,UP,True
2023-01-10,128.5482635,131.2621765,2.1112016032795493,UP,UP,True
2023-01-20,135.5691071,138.7550354,2.350040040943812,UP,UP,True
2023-01-27,143.4945831,140.6134644,-2.007824015204935,DOWN,UP,False
2023-02-01,143.0028839,148.303009,3.706306443236704,UP,UP,True
2023-02-02,148.303009,151.9215698,2.4399780047618473,UP,UP,True
2023-02-17,150.2331696,146.2249603,-2.6679922354510484,DOWN,DOWN,True
2023-03-02,143.6939697,148.7361908,3.5089997934687207,UP,UP,True
2023-04-12,157.6685028,163.0455627,3.4103576836907763,UP,UP,True
2023-04-26,161.2728729,165.8522797,2.8395394201475694,UP,DOWN,False
2023-05-04,163.2720795,170.9338989,4.692669698005539,UP,DOWN,False
2023-06-29,186.9688263,191.2883148,2.3102720306267472,UP,UP,True
2023-08-03,188.5269928,179.473938,-4.801993956167313,DOWN,UP,False
2023-08-22,175.0157318,178.8571472,2.1948972018068704,UP,UP,True
2023-08-23,178.8571472,174.1763611,-2.6170528677648535,DOWN,DOWN,True
2023-08-28,177.9387665,181.8196564,2.1810255158759904,UP,UP,True
2023-09-05,187.3299255,180.6247711,-3.579329027171368,DOWN,DOWN,True
2023-09-06,180.6247711,175.3416443,-2.924918198000136,DOWN,DOWN,True
2023-09-25,173.8801117,169.8115692,-2.339855007120966,DOWN,DOWN,True
2023-10-25,168.9623108,164.8049316,-2.460536423960892,DOWN,DOWN,True
2023-11-01,171.796463,175.3515015,2.0693316020132633,UP,UP,True
2023-11-09,180.1310272,184.3136902,2.322011407482825,UP,UP,True
2023-12-04,187.3097534,191.2550964,2.106320107941591,UP,UP,True
2023-12-29,190.3750763,183.5622101,-3.5786544816738717,DOWN,DOWN,True
2024-01-05,179.1520996,183.4831085,2.41750384710533,UP,DOWN,False
2024-01-17,180.6352997,186.5187225,3.2570725709599526,UP,UP,True
2024-03-01,177.8758087,173.3611298,-2.538107308124361,DOWN,DOWN,True
2024-03-04,173.3611298,168.4305267,-2.8441226160029243,DOWN,DOWN,True
2024-03-20,176.8956604,169.6681213,-4.085763937711612,DOWN,DOWN,True
2024-03-26,168.0246429,171.5888519,2.1212418241062694,UP,UP,True
2024-04-10,166.1137848,173.3016663,4.327083094671625,UP,UP,True
2024-04-12,174.7967072,170.9750214,-2.1863602931760395,DOWN,DOWN,True
2024-04-26,167.6186829,171.7769928,2.48081528148076,UP,UP,True
2024-05-01,167.6186829,171.3116455,2.2031927086571725,UP,UP,True
2024-05-02,171.3116455,181.5588531,5.981617636146047,UP,UP,True
2024-05-22,189.2605438,185.2750549,-2.105821329675376,DOWN,DOWN,True
2024-06-10,191.4614716,205.3710022,7.264924103926078,UP,UP,True
2024-06-11,205.3710022,211.2401428,2.857823420603636,UP,UP,True
2024-06-18,212.449646,207.8792572,-2.151280967538063,DOWN,DOWN,True
2024-06-28,208.8111725,214.8885193,2.9104509721576393,UP,UP,True
2024-07-03,219.6473389,224.3961639,2.1620225511414155,UP,UP,True
2024-07-10,230.9791565,225.6156158,-2.3220886166843315,DOWN,UP,False
2024-07-16,232.80336,226.9143829,-2.5295928289007534,DOWN,DOWN,True
2024-07-17,226.9143829,222.254715,-2.0534916475759406,DOWN,UP,False
2024-07-23,223.0775909,216.663147,-2.8754317608151925,DOWN,DOWN,True
2024-08-02,217.9718323,207.4727783,-4.816702180834951,DOWN,DOWN,True
2024-08-30,227.2961273,221.1124878,-2.720521274803083,DOWN,UP,False
2024-09-13,220.8444824,214.7104645,-2.7775282557840364,DOWN,DOWN,True
2024-09-18,219.0479431,227.167099,3.706565688358664,UP,UP,True
2024-09-27,226.0951233,231.2663574,2.287194002472318,UP,UP,True
2024-09-30,231.2663574,224.5268707,-2.9141664943264307,DOWN,DOWN,True
2024-10-04,225.1124878,220.0405121,-2.253085001888552,DOWN,DOWN,True
2024-10-22,234.1051025,229.0430145,-2.1623142537014926,DOWN,DOWN,True
2024-11-06,221.0628357,225.7874298,2.137217721395591,UP,UP,True
2024-12-17,251.8707886,246.4752502,-2.1421850584542113,DOWN,DOWN,True
2024-12-31,248.8302155,242.3019257,-2.62359206934819,DOWN,DOWN,True
2025-01-08,241.1591949,235.3463593,-2.4103727840070013,DOWN,DOWN,True
2025-01-15,236.3598785,226.8108978,-4.040017603918346,DOWN,DOWN,True
2025-01-17,228.5199585,221.2265625,-3.1915794348439817,DOWN,DOWN,True
2025-01-24,221.3656616,228.4007263,3.1780288998535413,UP,UP,True
2025-01-27,228.4007263,236.747406,3.654401557829026,UP,UP,True
2025-01-31,234.5017548,226.5625,-3.3855843879595513,DOWN,DOWN,True
2025-02-03,226.5625,231.3220673,2.100774532413787,UP,UP,True
2025-02-06,231.7394104,226.1848907,-2.396881777860943,DOWN,DOWN,True
2025-02-10,226.4534607,231.3973541,2.1831829748672096,UP,UP,True
2025-02-25,245.7415619,239.0966644,-2.704018583028297,DOWN,DOWN,True
2025-03-07,237.8134613,226.2843628,-4.8479587475732195,DOWN,DOWN,True
2025-03-10,226.2843628,219.6792755,-2.9189322754210254,DOWN,DOWN,True
2025-03-12,215.8395538,208.5779266,-3.3643635154697917,DOWN,UP,False
2025-03-27,222.6734467,216.7546997,-2.658038974882404,DOWN,DOWN,True
2025-04-02,222.7132416,202.1220245,-9.245618694277043,DOWN,DOWN,True
2025-04-03,202.1220245,187.3898926,-7.288731614698434,DOWN,UP,False
2025-04-04,187.3898926,180.5062714,-3.6734218182693983,DOWN,UP,False
2025-04-07,180.5062714,171.5137482,-4.981834221190386,DOWN,UP,False
2025-04-08,171.5137482,197.8048553,15.32886277392893,UP,UP,True
2025-04-09,197.8048553,189.4191437,-4.239386129972314,DOWN,UP,False
2025-04-10,189.4191437,197.1085205,4.059450723828814,UP,UP,True
2025-04-11,197.1085205,201.4555511,2.2053996392307207,UP,UP,True
2025-04-15,201.0775452,193.2489014,-3.893345620573057,DOWN,DOWN,True
2025-04-21,192.1447601,198.6901703,3.4064994520763885,UP,UP,True
2025-04-22,198.6901703,203.5246429,2.4331715014892197,UP,UP,True
2025-05-01,212.1987915,204.2706757,-3.7361738697743716,DOWN,DOWN,True
2025-05-02,204.2706757,197.844635,-3.145845911548031,DOWN,DOWN,True
2025-05-09,197.4865417,209.9570465,6.314609943873449,UP,UP,True
2025-05-20,206.0425873,201.2914276,-2.3059114925024127,DOWN,DOWN,True
2025-05-22,200.5643158,194.4983826,-3.024432923575924,DOWN,DOWN,True
2025-05-23,194.4983826,199.4188538,2.529826281444862,UP,UP,True
2025-06-18,195.8032074,200.2057495,2.2484524939400994,UP,UP,True
2025-06-27,200.2854309,204.3592529,2.034008156106979,UP,UP,True
2025-07-01,206.9987946,211.6005402,2.2230784526510545,UP,UP,True
2025-07-31,206.7497864,201.580307,-2.500355376425192,DOWN,DOWN,True
2025-08-05,202.1181488,212.4073486,5.090685750432722,UP,UP,True
2025-08-06,212.4073486,219.1605377,3.1793575620198604,UP,UP,True
2025-08-07,219.1605377,228.4437256,4.235793540855144,UP,UP,True
2025-09-02,229.0719299,237.7972565,3.8089898678589766,UP,UP,True
2025-09-09,233.6888885,226.1501923,-3.2259540658476813,DOWN,DOWN,True
2025-09-18,237.2089233,244.8074188,3.203292437017686,UP,UP,True
2025-09-19,244.8074188,255.3575592,4.309567271986613,UP,UP,True
2025-10-09,253.3233032,244.578064,-3.4522047871354244,DOWN,DOWN,True
2025-10-17,251.5782471,261.5001831,3.9438767518147704,UP,UP,True
2025-10-24,262.0785522,268.0516357,2.279119542541501,UP,UP,True
2025-11-10,268.9303284,274.739563,2.1601262433143886,UP,UP,True
