Date,Close,Next_Close,Predicted_Next_Close,Error_Percent,Within_2_Percent
2023-01-03,122.9827118,124.2511978,123.2189332685299,0.8307883945969532,True
2023-01-04,124.2511978,122.9335403,125.03677841902919,1.7108741144984219,True
2023-01-05,122.9335403,127.4567566,123.70365241390618,2.9446098317661265,False
2023-01-06,127.4567566,127.9779053,127.81345042885798,0.12850254952721674,True
2023-01-09,127.9779053,128.5482635,128.61392056354342,0.051075807448325725,True
2023-01-10,128.5482635,131.2621765,128.43230810086624,2.1558901997436957,False
2023-01-11,131.2621765,131.1835327,131.4427568851942,0.19760421133574124,True
2023-01-12,131.1835327,132.5109711,131.18602441626618,0.9998769707407476,True
2023-01-13,132.5109711,133.6712952,132.85412919338353,0.6113249709998133,True
2023-01-17,133.6712952,132.9535217,134.13372568623168,0.8876816282420255,True
2023-01-18,132.9535217,133.0124969,133.5376498101017,0.3948147146628713,True
2023-01-19,133.0124969,135.5691071,133.64836788731694,1.416797125665409,True
2023-01-20,135.5691071,138.7550354,135.81567858612834,2.118378482912812,False
2023-01-23,138.7550354,140.1513367,139.2017485434031,0.6775448447056364,True
2023-01-24,140.1513367,139.4925232,140.3449077308001,0.6110610886133102,True
2023-01-25,139.4925232,141.5574799,139.22469363339286,1.6479427779126095,True
2023-01-26,141.5574799,143.4945831,141.38746484826197,1.4684305192688696,True
2023-01-27,143.4945831,140.6134644,143.82295583077635,2.2824922524107536,False
2023-01-30,140.6134644,141.8819427,140.81911428149172,0.749093505687017,True
2023-01-31,141.8819427,143.0028839,142.20450107664144,0.5582984074061498,True
2023-02-01,143.0028839,148.303009,142.67828016927618,3.792727382034322,False
2023-02-02,148.303009,151.9215698,148.50186779835653,2.2509654199501683,False
2023-02-03,151.9215698,149.1977692,152.40477554961598,2.1495002015190763,False
2023-02-06,149.1977692,152.0690613,148.90829818201254,2.0785050495918616,False
2023-02-07,152.0690613,149.3846283,152.19585690632695,1.8818727457562308,True
2023-02-08,149.3846283,148.3521576,149.2136033525285,0.5806762547068681,True
2023-02-09,148.3521576,148.7165222,148.0963204805552,0.4170361909154581,True
2023-02-10,148.7165222,151.5134125,148.8981154192888,1.7261158847644416,True
2023-02-13,151.5134125,150.8732452,151.42462341875552,0.3654579166933053,True
2023-02-14,150.8732452,152.9709015,150.38133334796356,1.6928501608107702,True
2023-02-15,152.9709015,151.3755035,152.6089964615455,0.8148563889305207,True
2023-02-16,151.3755035,150.2331696,151.60724351764844,0.9146275228745792,True
2023-02-17,150.2331696,146.2249603,149.93655758791166,2.5382788822762103,False
2023-02-21,146.2249603,146.6484528,146.49453149652308,0.10495937770774794,True
2023-02-22,146.6484528,147.1309967,146.53298766010556,0.4064466722221528,True
2023-02-23,147.1309967,144.481842,146.35166827045703,1.2941600443168668,True
2023-02-24,144.481842,145.6734467,144.3321354948161,0.9207657507728204,True
2023-02-27,145.6734467,145.1712189,145.5614067478302,0.26877768939790236,True
2023-02-28,145.1712189,143.1031036,145.21626238196495,1.4766687296116445,True
2023-03-01,143.1031036,143.6939697,142.96096769873026,0.5101132655741077,True
2023-03-02,143.6939697,148.7361908,143.63492519586228,3.429740654712076,False
2023-03-03,148.7361908,151.4937286,148.24155585119735,2.146737544093063,False
2023-03-06,151.4937286,149.2975616,151.46583591175693,1.4523172974292782,True
2023-03-07,149.2975616,150.5482635,148.60437770233742,1.291204396829575,True
2023-03-08,150.5482635,148.3029175,150.14231892728068,1.2403002302909363,True
2023-03-09,148.3029175,146.2446442,147.95295525180632,1.1681187103645776,True
2023-03-10,146.2446442,148.1847229,146.3266613800475,1.2538819681205382,True
2023-03-13,148.1847229,150.2725067,148.76481578165993,1.0033045641209593,True
2023-03-14,150.2725067,150.6664581,149.98930709401466,0.4494371305495877,True
2023-03-15,150.6664581,153.4830017,150.1966006858128,2.1412149735062105,False
2023-03-16,153.4830017,152.6459351,152.98421408924278,0.2216102178031604,True
2023-03-17,152.6459351,155.0094757,152.51717139721006,1.607839966902057,True
2023-03-20,155.0094757,156.8609772,154.56611683700862,1.462989969816015,True
2023-03-21,156.8609772,155.4329529,156.38518711597513,0.612633420525542,True
2023-03-22,155.4329529,156.5162201,155.5088323297021,0.6436315479981977,True
2023-03-23,156.5162201,157.8162079,156.33905931718468,0.9359929518464354,True
2023-03-24,157.8162079,155.8761139,157.23374811122764,0.8709700141091556,True
2023-03-27,155.8761139,155.255661,155.38996841805067,0.08650725982266604,True
2023-03-28,155.255661,158.3283081,154.54081078920564,2.3921794884602514,False
2023-03-29,158.3283081,159.894165,157.90552855674602,1.2437204592512594,True
2023-03-30,159.894165,162.3955536,159.23254862408936,1.9477164896407846,True
2023-03-31,162.3955536,163.6463013,161.5635893802255,1.2726911046748544,True
2023-04-03,163.6463013,163.114502,162.90833926061927,0.12639142249946345,True
2023-04-04,163.114502,161.2728729,162.2408193251488,0.6001917171457517,True
2023-04-05,161.2728729,162.1592102,160.2445808807689,1.1807095735540876,True
2023-04-06,162.1592102,159.5691528,161.63524135535638,1.2947919564039778,True
2023-04-10,159.5691528,158.3578644,159.0237216099173,0.42047625006824557,True
2023-04-11,158.3578644,157.6685028,157.85901639924575,0.12083174246121363,True
2023-04-12,157.6685028,163.0455627,157.24289049615552,3.5589267857115874,False
2023-04-13,163.0455627,162.700882,162.2516916405574,0.2760835429537564,True
2023-04-14,162.700882,162.7205811,161.70322631043092,0.6252158041052394,True
2023-04-17,162.7205811,163.9417419,161.59177911860075,1.4334133297379927,True
2023-04-18,163.9417419,165.084137,163.2066946029944,1.1372639619551146,True
2023-04-19,165.084137,164.118988,164.34060346801743,0.135033411257345,True
2023-04-20,164.118988,162.5137634,163.57423912855438,0.6525451791699718,True
2023-04-21,162.5137634,162.8190765,162.2724334091826,0.3357365135389301,True
2023-04-24,162.8190765,161.2827454,162.05597598253556,0.47942548387172157,True
2023-04-25,161.2827454,161.2728729,160.82929789981793,0.27504625682282324,True
2023-04-26,161.2728729,165.8522797,160.8703300229304,3.00384757211727,False
2023-04-27,165.8522797,167.1029663,165.0111836560397,1.2517926463405338,True
2023-04-28,167.1029663,167.014328,165.97402720144595,0.6228811689462097,True
2023-05-01,167.014328,165.9802856,166.0611229047346,0.04870295556027572,True
2023-05-02,165.9802856,164.9068451,164.75540728307337,0.09183234136508917,True
2023-05-03,164.9068451,163.2720795,164.33991607289263,0.6540227674950666,True
2023-05-04,163.2720795,170.9338989,163.3167802813615,4.456177895465122,False
2023-05-05,170.9338989,170.864975,170.5094162451806,0.2080934110805238,True
2023-05-08,170.864975,169.1612396,169.79849682458234,0.3767158635685218,True
2023-05-09,169.1612396,170.9240875,168.0999853405973,1.6522552208463377,True
2023-05-10,170.9240875,171.1111603,169.81380368679964,0.7581952053424009,True
2023-05-11,171.1111603,170.1841583,169.9538884422008,0.13530628238222722,True
2023-05-12,170.1841583,169.6910706,168.82238966095068,0.5119190632587786,True
2023-05-15,169.6910706,169.6910706,168.54457284433758,0.6756382357707921,True
2023-05-16,169.6910706,170.3025055,169.05038616286603,0.7352324814351966,True
2023-05-17,170.3025055,172.6298981,169.2091739330783,1.9815363413701172,True
2023-05-18,172.6298981,172.7383423,171.57103156600857,0.6757681696192983,True
2023-05-19,172.7383423,171.7916107,171.49769247975613,0.1710899729307221,True
2023-05-22,171.7916107,169.1881104,170.78529788484224,0.944030571099893,True
2023-05-23,169.1881104,169.4642487,168.32166472385563,0.6742330520504527,True
2023-05-24,169.4642487,170.5983734,168.74815508703597,1.0845462803011963,True
2023-05-25,170.5983734,173.0046234,169.76980633520046,1.8697864838677816,True
2023-05-26,173.0046234,174.8487549,171.8973778639994,1.6879599958767528,True
2023-05-30,174.8487549,174.7994385,173.71701828066784,0.6192355242217576,True
2023-05-31,174.7994385,177.600174,174.2859670190943,1.866105706014516,True
2023-06-01,177.600174,178.4483032,176.276115484408,1.2172644270859072,True
2023-06-02,178.4483032,177.0972595,176.96866918106514,0.07260999932913627,True
2023-06-05,177.0972595,176.7323761,176.08432800365202,0.3666832929249526,True
2023-06-06,176.7323761,175.361557,175.4001928774735,0.022032125018994805,True
2023-06-07,175.361557,178.0735321,174.8360744937916,1.8180453703756125,True
2023-06-08,178.0735321,178.4581757,176.87397798220817,0.8877137242817976,True
2023-06-09,178.4581757,181.2490082,177.19282743008876,2.2379050843883386,False
2023-06-12,181.2490082,180.7756805,179.75621400912556,0.5639400654196048,True
2023-06-13,180.7756805,181.4068451,179.55442448970192,1.021141517166533,True
2023-06-14,181.4068451,183.438324,179.9077756942163,1.924651418960684,True
2023-06-15,183.438324,182.3633881,182.2565595604454,0.05858003663324825,True
2023-06-16,182.3633881,182.4521942,181.3039027593842,0.6293656514522868,True
2023-06-20,182.4521942,181.4167023,181.48324058194976,0.036677043020950595,True
2023-06-21,181.4167023,184.4146423,179.86417016514054,2.467522143635913,False
2023-06-22,184.4146423,184.0990601,183.02614234770053,0.582793715359916,True
2023-06-23,184.0990601,182.7085724,182.7263732811132,0.009742772809932536,True
2023-06-26,182.7085724,185.4599915,181.35835951501423,2.211599359954555,False
2023-06-27,185.4599915,186.6335297,183.99031026287713,1.4162618267851719,True
2023-06-28,186.6335297,186.9688263,185.1566740247058,0.9692269621388652,True
2023-06-29,186.9688263,191.2883148,185.52850919221862,3.011059830708161,False
2023-06-30,191.2883148,189.7991791,189.79559189866333,0.0018899983412369468,True
2023-07-03,189.7991791,188.6848297,187.7071648729687,0.5181470225167257,True
2023-07-05,188.6848297,189.1581573,187.31635079492676,0.9736860050672721,True
2023-07-06,189.1581573,188.0437775,187.63138362818808,0.21930737474784515,True
2023-07-07,188.0437775,186.0024109,186.76635356219248,0.41071653775670336,True
2023-07-10,186.0024109,185.4797363,184.53071921075087,0.5116554013825926,True
2023-07-11,185.4797363,187.1463623,183.6734370596276,1.8557268213449025,True
2023-07-12,187.1463623,187.9057007,185.6943574324852,1.1768367107953421,True
2023-07-13,187.9057007,188.0536346,186.12771685283352,1.0241321584998997,True
2023-07-14,188.0536346,191.3080292,186.25313495833836,2.6422802340287914,False
2023-07-17,191.3080292,191.0515747,189.48909650590235,0.8178305761421448,True
2023-07-18,191.0515747,192.4026489,189.19708988176077,1.6660680279434699,True
2023-07-19,192.4026489,190.4598846,191.1994049043983,0.388281398968304,True
2023-07-20,190.4598846,189.2863464,188.78792679990838,0.2633151358093079,True
2023-07-21,189.2863464,190.085144,187.82976895094575,1.1865077941358033,True
2023-07-24,190.085144,190.9431152,188.62356545205196,1.2147857468013232,True
2023-07-25,190.9431152,191.8109741,189.33529897289674,1.2906848206779804,True
2023-07-26,191.8109741,190.5486603,190.1614979590917,0.20318292466541382,True
2023-07-27,190.5486603,193.1225586,188.36394765421272,2.4640368169745597,False
2023-07-28,193.1225586,193.7339935,191.30396687124065,1.2543109161476869,True
2023-07-31,193.7339935,192.9056244,191.69819664850462,0.6259163024670076,True
2023-08-01,192.9056244,189.9174957,191.0627557672354,0.6030303121964545,True
2023-08-02,189.9174957,188.5269928,188.03103487229083,0.26306998289380046,True
2023-08-03,188.5269928,179.473938,187.50864705480177,4.476811031360869,False
2023-08-04,179.473938,176.3773346,179.45024648891098,1.7422374002192031,True
2023-08-07,176.3773346,177.3142395,175.6528399307839,0.936980342865309,True
2023-08-08,177.3142395,175.7264862,176.15917553363795,0.2462288656619929,True
2023-08-09,175.7264862,175.509491,173.98393303093272,0.8692167929922827,True
2023-08-10,175.509491,175.5687408,173.94727671751616,0.923549417222818,True
2023-08-11,175.5687408,177.2179108,174.06613531537354,1.778474574267724,True
2023-08-14,177.2179108,175.2330017,175.50405983905196,0.15468441242365222,True
2023-08-15,175.2330017,174.3639984,173.67773962703436,0.3935782496747666,True
2023-08-16,174.3639984,171.8260803,173.41355853955739,0.9238866630640264,True
2023-08-17,171.8260803,172.3099976,170.62807739941005,0.9761013429379543,True
2023-08-18,172.3099976,173.6431122,171.6258639144917,1.1617208767744533,True
2023-08-21,173.6431122,175.0157318,172.19490480163657,1.6117562514819765,True
2023-08-22,175.0157318,178.8571472,173.55989113308152,2.961724566139391,False
2023-08-23,178.8571472,174.1763611,177.29180476740694,1.7886719229472614,True
2023-08-24,174.1763611,176.3785095,172.39599974295155,2.2579336724967964,False
2023-08-25,176.3785095,177.9387665,174.92862445738936,1.6916729849370136,True
2023-08-28,177.9387665,181.8196564,176.37116042759294,2.9966484814053764,False
2023-08-29,181.8196564,185.3055573,180.35613788311463,2.6709503422352983,False
2023-08-30,185.3055573,185.5228119,183.66088467986134,1.0036109312219053,True
2023-08-31,185.5228119,187.0929565,184.26019592457632,1.5140925817929929,True
2023-09-01,187.0929565,187.3299255,185.3649114532908,1.0489589644924084,True
2023-09-05,187.3299255,180.6247711,185.85009135732702,2.8929145352018732,False
2023-09-06,180.6247711,175.3416443,178.9556705744952,2.061134015779951,False
2023-09-07,175.3416443,175.9538574,175.50425564694444,0.2555225328385216,True
2023-09-08,175.9538574,177.1191254,175.85994395197383,0.7109234788634344,True
2023-09-11,177.1191254,174.0973663,175.60864894470149,0.8680674939661515,True
2023-09-12,174.0973663,172.033493,172.49543604345402,0.2685192490127651,True
2023-09-13,172.033493,173.5443726,171.0493822313686,1.4376671114436306,True
2023-09-14,173.5443726,172.8234863,172.47099547114144,0.2039600267331129,True
2023-09-15,172.8234863,175.7464905,171.8047704142002,2.2428442665259376,False
2023-09-18,175.7464905,176.8327942,174.59280822648944,1.2667254304521738,True
2023-09-19,176.8327942,173.2974854,175.41855066746075,1.2239446305668957,True
2023-09-20,173.2974854,171.756958,171.8295989777651,0.04229288793360223,True
2023-09-21,171.756958,172.6062164,171.34105962821505,0.7329728894891323,True
2023-09-22,172.6062164,173.8801117,172.03141879368889,1.0631997462140466,True
2023-09-25,173.8801117,169.8115692,172.9695813367598,1.8597155374262886,True
2023-09-26,169.8115692,168.300705,168.71868218099104,0.24835141420889764,True
2023-09-27,168.300705,168.5574493,167.11262259893553,0.8571716688076813,True
2023-09-28,168.5574493,169.0709686,167.536782551565,0.9074213397716201,True
2023-09-29,169.0709686,171.5792236,167.98917558873262,2.092355901805925,False
2023-10-02,171.5792236,170.246109,170.32318697654063,0.045274442390125916,True
2023-10-03,170.246109,171.4903412,168.93007206493724,1.4929523827099098,True
2023-10-04,171.4903412,172.7247467,170.48313528314696,1.2977940102273908,True
2023-10-05,172.7247467,175.2724915,171.36153238073473,2.2313593455509655,False
2023-10-06,175.2724915,176.7537384,173.92874618621707,1.598264477659803,True
2023-10-09,176.7537384,176.1612396,175.10595183762908,0.5990465125966957,True
2023-10-10,176.1612396,177.5536652,175.22701934247698,1.3103902163338912,True
2023-10-11,177.5536652,178.45224,176.30780581931035,1.2016852131918565,True
2023-10-12,178.45224,176.615509,177.3230007034629,0.4005829994595166,True
2023-10-13,176.615509,176.4871521,175.12725599066266,0.7705354713678004,True
2023-10-16,176.4871521,174.9367218,175.6169689801505,0.38885327971802786,True
2023-10-17,174.9367218,173.6431122,173.84031823172882,0.1135697403889455,True
2023-10-18,173.6431122,173.267868,173.08392415254903,0.10616154603516102,True
2023-10-19,173.267868,170.720108,172.5919162703388,1.096419333532046,True
2023-10-20,170.720108,170.8385925,169.73316936391558,0.647057037820319,True
2023-10-23,170.8385925,171.2730865,169.8601524634616,0.8249597560317316,True
2023-10-24,171.2730865,168.9623108,169.79911330532357,0.4952598608301948,True
2023-10-25,168.9623108,164.8049316,168.1468545606613,2.027805192609475,False
2023-10-26,164.8049316,166.1183167,163.6525385343538,1.4843505608711802,True
2023-10-27,166.1183167,168.1624298,165.69486892168356,1.4673675215392539,True
2023-10-30,168.1624298,168.6364594,167.33262922873146,0.7731603094061069,True
2023-10-31,168.6364594,171.796463,167.0692353496288,2.7516443399484833,False
2023-11-01,171.796463,175.3515015,170.23116233033787,2.9200429570670914,False
2023-11-02,175.3515015,174.4429626,174.2241363248317,0.12544287938405077,True
2023-11-03,174.4429626,176.9907684,173.36353197594508,2.0493930032878076,False
2023-11-06,176.9907684,179.5483856,175.92137376959226,2.020074877469533,False
2023-11-07,179.5483856,180.6050262,178.54585155458915,1.1401535653446,True
2023-11-08,180.6050262,180.1310272,179.3269802476749,0.44636782725519764,True
2023-11-09,180.1310272,184.3136902,179.01969518663924,2.8722744401765317,False
2023-11-10,184.3136902,182.7315979,183.0148376402253,0.1550031540687895,True
2023-11-13,182.7315979,185.342041,181.26211424730917,2.2012959017165588,False
2023-11-14,185.342041,185.9056702,183.8260804075428,1.1186263389491813,True
2023-11-15,185.9056702,187.5866241,184.8161428762063,1.4769076617727217,True
2023-11-16,187.5866241,187.566864,186.13482898386255,0.7634797456215198,True
2023-11-17,187.566864,189.3071594,185.80899072223974,1.8478797573464871,True
2023-11-20,189.3071594,188.5062103,187.8740230942083,0.3353667790496634,True
2023-11-21,188.5062103,189.1687317,186.6721608025635,1.3197587545259726,True
2023-11-22,189.1687317,187.84375,187.70382400708408,0.07449063006670172,True
2023-11-24,187.84375,187.665741,185.9638004789208,0.9068999552130266,True
2023-11-27,187.665741,188.2689056,186.15215960116677,1.1243205520780581,True
2023-11-28,188.2689056,187.250412,186.74905807864982,0.26774516327909986,True
2023-11-29,187.250412,187.8239594,185.5847651600066,1.1921771041066633,True
2023-11-30,187.8239594,189.0995178,185.9156130498758,1.6837191269264111,True
2023-12-01,189.0995178,187.3097534,187.18001205591563,0.06926566381587033,True
2023-12-04,187.3097534,191.2550964,185.16569849896376,3.1839140580602323,False
2023-12-05,191.2550964,190.1674042,189.72327435752527,0.23354677650625633,True
2023-12-06,190.1674042,192.0956116,188.10644121347443,2.0766587811658193,False
2023-12-07,192.0956116,193.5194855,190.53068978480803,1.5444417431504434,True
2023-12-08,193.5194855,191.0177612,191.69725930031873,0.35572508862528684,True
2023-12-11,191.0177612,192.5306854,189.32809435705855,1.6634185019846524,True
2023-12-12,192.5306854,195.7442932,190.6179888365246,2.618878067744038,False
2023-12-13,195.7442932,195.8926239,194.08356531371538,0.9234949995912567,True
2023-12-14,195.8926239,195.3586578,193.9145205760846,0.7392235594666288,True
2023-12-15,195.3586578,193.697464,194.5561622757036,0.44331931764661753,True
2023-12-18,193.697464,194.7357178,191.93660704610986,1.4373894966535756,True
2023-12-19,194.7357178,192.6493225,193.12118492756292,0.24493334388077645,True
2023-12-20,192.6493225,192.5010071,191.04831607846035,0.7546407384689802,True
2023-12-21,192.5010071,191.4330902,190.50433129395074,0.4851611103801049,True
2023-12-22,191.4330902,190.8892365,189.44018055793498,0.759108249702193,True
2023-12-26,190.8892365,190.9881439,189.1593144694178,0.9575617591947305,True
2023-12-27,190.9881439,191.4133148,189.01694273569035,1.2519359307964115,True
2023-12-28,191.4133148,190.3750763,189.48099226446303,0.46964342860093344,True
2023-12-29,190.3750763,183.5622101,188.31349398887994,2.588378014348147,False
2024-01-02,183.5622101,182.1877289,182.39668615926254,0.11469337727857656,True
2024-01-03,182.1877289,179.8739471,181.4913560928161,0.8991902490008132,True
2024-01-04,179.8739471,179.1520996,179.17561654143,0.013126802020459795,True
2024-01-05,179.1520996,183.4831085,177.9863861989219,2.9957647578649347,False
2024-01-08,183.4831085,183.0677795,181.60992971142755,0.796344278908155,True
2024-01-09,183.0677795,184.1060333,180.94913245718436,1.7147188423051234,True
2024-01-10,184.1060333,183.5127716,182.2775874948393,0.6730780067193417,True
2024-01-11,183.5127716,183.8390503,181.31903007210383,1.370775264441283,True
2024-01-12,183.8390503,181.5746918,182.31003893063402,0.40498327346411117,True
2024-01-16,181.5746918,180.6352997,180.3994693844135,0.13055605187810218,True
2024-01-17,180.6352997,186.5187225,179.41059528495475,3.810945689404045,False
2024-01-18,186.5187225,189.4159088,185.19119927335157,2.230387908498866,False
2024-01-19,189.4159088,191.7198486,187.64384523010426,2.1260205449044696,False
2024-01-22,191.7198486,192.9954071,190.0237548821724,1.539752817168257,True
2024-01-23,192.9954071,192.3230438,190.84514125378425,0.7684479805512234,True
2024-01-24,192.3230438,191.9967194,190.85476413707121,0.5947785287672863,True
2024-01-25,191.9967194,190.2662964,190.36361436125244,0.05114829220613216,True
2024-01-26,190.2662964,189.5840454,188.69751944888384,0.46761632775885975,True
2024-01-29,189.5840454,185.9353333,187.77978399402855,0.9919850419460604,True
2024-01-30,185.9353333,182.3360596,184.48409673646094,1.1780649100201035,True
2024-01-31,182.3360596,184.7685394,181.21378604846373,1.9238953574454012,True
2024-02-01,184.7685394,183.7698517,183.62946011685244,0.0763953291842165,True
2024-02-02,183.7698517,185.579361,182.76637856301357,1.5157840946474812,True
2024-02-05,185.579361,187.1812134,183.58642305413645,1.920486720097063,True
2024-02-06,187.1812134,187.2899933,185.27113891855788,1.0779296565024283,True
2024-02-07,187.2899933,186.2122192,185.2945554565506,0.492805331138761,True
2024-02-08,186.2122192,186.9745636,184.255665942969,1.454153765454234,True
2024-02-09,186.9745636,185.2914124,185.51268320923478,0.11941773575404341,True
2024-02-12,185.2914124,183.2023468,183.77917304396692,0.31485745354378525,True
2024-02-13,183.2023468,182.3211975,181.76208144566587,0.3066654135672514,True
2024-02-14,182.3211975,182.0341034,180.65283470925786,0.7587966567489531,True
2024-02-15,182.0341034,180.4994659,180.51182919831345,0.0068494930175080565,True
2024-02-16,180.4994659,179.7569427,179.17151404659919,0.32567790963036397,True
2024-02-20,179.7569427,180.5094147,178.2272623409798,1.2642843935941344,True
2024-02-21,180.5094147,182.539032,178.8264714811247,2.0338447499136945,False
2024-02-22,182.539032,180.7073975,180.82358098755148,0.06429370859124188,True
2024-02-23,180.7073975,179.3609314,178.8186467318283,0.30234269187771584,True
2024-02-26,179.3609314,180.8163147,177.90207233215364,1.6117142818011188,True
2024-02-27,180.8163147,179.6183319,179.27554183327604,0.19084358656375533,True
2024-02-28,179.6183319,178.9549713,178.01359512272788,0.5260408081617417,True
2024-02-29,178.9549713,177.8758087,178.51085875486473,0.3570187871560382,True
2024-03-01,177.8758087,173.3611298,176.55523640812453,1.8424583479638483,True
2024-03-04,173.3611298,168.4305267,172.657252641175,2.5094773637462033,False
2024-03-05,168.4305267,167.4404602,168.6519065357529,0.7235087232236932,True
2024-03-06,167.4404602,167.3216705,166.87897804630916,0.26457568369236006,True
2024-03-07,167.3216705,169.0344849,166.98809210655304,1.2106362761761846,True
2024-03-08,169.0344849,171.0344086,168.48681377228178,1.4895218152718706,True
2024-03-11,171.0344086,171.5096741,169.68015923072804,1.066712346619738,True
2024-03-12,171.5096741,169.4305115,169.73584930954596,0.1802141815206411,True
2024-03-13,169.4305115,171.2819214,168.19381984835024,1.802934907787497,True
2024-03-14,171.2819214,170.9056854,170.49810651347275,0.23848176002649316,True
2024-03-15,170.9056854,171.9947815,170.61213071897748,0.8038911233027761,True
2024-03-18,171.9947815,174.3313446,171.19004552827508,1.8019129485478174,True
2024-03-19,174.3313446,176.8956604,172.8710902647784,2.275109590659924,False
2024-03-20,176.8956604,169.6681213,175.41201505569245,3.3853700457591227,False
2024-03-21,169.6681213,170.5690918,168.56349153490015,1.17582865918727,True
2024-03-22,170.5690918,169.1533051,169.8511465081702,0.41254967365705764,True
2024-03-25,169.1533051,168.0246429,168.5776458078068,0.32912012087173764,True
2024-03-26,168.0246429,171.5888519,167.7703969660872,2.2253514092734705,False
2024-03-27,171.5888519,169.7770538,170.45988446034642,0.4021925490300924,True
2024-03-28,169.7770538,168.3414459,168.76455651915884,0.25134073008389674,True
2024-04-01,168.3414459,167.1632538,167.17506424203066,0.007065214251441454,True
2024-04-02,167.1632538,167.9652252,166.36195010205827,0.9545279959185974,True
2024-04-03,167.9652252,167.1434631,167.31810690906372,0.10448737020558009,True
2024-04-04,167.1434631,167.8959045,166.39916053650506,0.8914713958939575,True
2024-04-05,167.8959045,166.7771301,166.9001073395024,0.07373747193555062,True
2024-04-08,166.7771301,167.9850159,165.80101288221843,1.3001177551941272,True
2024-04-09,167.9850159,166.1137848,167.01646228918386,0.5434091398680073,True
2024-04-10,166.1137848,173.3016663,165.1032538775352,4.730717596374778,False
2024-04-11,173.3016663,174.7967072,172.21792891708722,1.4753014082594602,True
2024-04-12,174.7967072,170.9750214,174.15129666985703,1.8577422853049745,True
2024-04-15,170.9750214,167.6979065,170.03451019495353,1.3933410045005772,True
2024-04-16,167.6979065,166.331604,167.01043358968093,0.4081182248930457,True
2024-04-17,166.331604,165.381134,166.08530405436503,0.42578620507283627,True
2024-04-18,165.381134,163.3614044,164.8549201233836,0.914240256974437,True
2024-04-19,163.3614044,164.1930695,162.75349426335637,0.8767576128684494,True
2024-04-22,164.1930695,165.2425232,163.44937909680922,1.0851589944680593,True
2024-04-23,165.2425232,167.3414764,164.2405375289847,1.8530605428644955,True
2024-04-24,167.3414764,168.2028198,166.0882008704925,1.2571839949067765,True
2024-04-25,168.2028198,167.6186829,166.75991543222563,0.5123339790748259,True
2024-04-26,167.6186829,171.7769928,166.75471541587584,2.9237194703784293,False
2024-04-29,171.7769928,168.6384735,171.09043155027888,1.4539731055374356,True
2024-04-30,168.6384735,167.6186829,167.6315299806213,0.0076644681839931105,True
2024-05-01,167.6186829,171.3116455,167.36285847452896,2.305031286078584,False
2024-05-02,171.3116455,181.5588531,170.4761209986997,6.10420913773677,False
2024-05-03,181.5588531,179.9054565,180.2283482161952,0.1794785563911937,True
2024-05-06,179.9054565,180.5885925,178.41591936125408,1.2031065244311714,True
2024-05-07,180.5885925,180.9252167,179.2730150267866,0.9131959067668193,True
2024-05-08,180.9252167,182.7370453,179.5487495730902,1.7447451455043388,True
2024-05-09,182.7370453,181.4779663,181.60361030075134,0.06923374959120336,True
2024-05-10,181.4779663,184.6802063,179.94121149215664,2.5660545343691057,False
2024-05-13,184.6802063,185.8203278,183.52918821290837,1.2329865167160872,True
2024-05-14,185.8203278,188.090683,184.25249502283856,2.040605050682629,False
2024-05-15,188.090683,188.2096252,186.69523365183298,0.804630234270838,True
2024-05-16,188.2096252,188.2393951,186.70393660063098,0.8156945566858198,True
2024-05-17,188.2393951,189.3993225,186.8563518082969,1.3426503633364995,True
2024-05-20,189.3993225,190.6980896,187.92945927470876,1.4518395706525424,True
2024-05-21,190.6980896,189.2605438,189.15440377695364,0.056081431932539186,True
2024-05-22,189.2605438,185.2750549,187.3972798498774,1.145445592242769,True
2024-05-23,185.2750549,188.3484192,183.51310522742628,2.567217709132605,False
2024-05-24,188.3484192,188.3583679,186.73303745272318,0.8628926154954274,True
2024-05-28,188.3583679,188.655777,186.58348247142737,1.0984527277808338,True
2024-05-29,188.655777,189.647171,187.36097518951996,1.2054995592209619,True
2024-05-30,189.647171,190.5989532,188.09976576562488,1.3112283107623754,True
2024-05-31,190.5989532,192.3636627,188.80672124110313,1.8490713937195469,True
2024-06-03,192.3636627,192.6809082,190.62491064783063,1.0670478831432937,True
2024-06-04,192.6809082,194.1878662,190.62441164644878,1.8350552087951337,True
2024-06-05,194.1878662,192.8097687,192.52514409685057,0.14761938934343985,True
2024-06-06,192.8097687,195.1990967,191.0532178103728,2.1239231941728685,False
2024-06-07,195.1990967,191.4614716,193.40019402542342,1.0125914155061821,True
2024-06-10,191.4614716,205.3710022,189.70580291711218,7.627756165708487,False
2024-06-11,205.3710022,211.2401428,203.63974484219375,3.5979894053575934,False
2024-06-12,211.2401428,212.4001007,210.21387656576684,1.0292952437536944,True
2024-06-13,212.4001007,210.6651306,209.5711307116634,0.5193075309714362,True
2024-06-14,210.6651306,214.8092194,208.37795589564206,2.993942030198509,False
2024-06-17,214.8092194,212.449646,213.2137240170835,0.3596513486699365,True
2024-06-18,212.449646,207.8792572,210.13951241808434,1.0872923294649548,True
2024-06-20,207.8792572,205.7080688,205.94623645459615,0.11577944218984362,True
2024-06-21,205.7080688,206.3524933,206.06553845201051,0.13906051892103669,True
2024-06-24,206.3524933,207.2745056,205.2556133434986,0.9740186091180344,True
2024-06-25,207.2745056,211.4186096,205.40928592795103,2.8423816065286265,False
2024-06-26,211.4186096,212.2613068,208.79262209319208,1.6341578025222636,True
2024-06-27,212.2613068,208.8111725,209.06712918814532,0.12257806183494226,True
2024-06-28,208.8111725,214.8885193,205.98036390620103,4.14547758196544,False
2024-07-01,214.8885193,218.3783112,212.3380193568668,2.7659760760771093,False
2024-07-02,218.3783112,219.6473389,215.33911293304953,1.9614287104620414,True
2024-07-03,219.6473389,224.3961639,216.57610665383754,3.4849335702759143,False
2024-07-05,224.3961639,225.8634644,221.5013490666309,1.9313063070899676,True
2024-07-08,225.8634644,226.7160645,221.98897799205426,2.085024948880818,False
2024-07-09,226.7160645,230.9791565,223.69671447188108,3.1528567938635224,False
2024-07-10,230.9791565,225.6156158,228.183929496865,1.138358126390383,True
2024-07-11,225.6156158,228.5601044,222.37855388291374,2.704562344033592,False
2024-07-12,228.5601044,232.3869476,226.2727004569899,2.6310630636340084,False
2024-07-15,232.3869476,232.80336,228.9066555549226,1.6738179573857543,True
2024-07-16,232.80336,226.9143829,229.15655476740378,0.9881135954224185,True
2024-07-17,226.9143829,222.254715,224.04446524024485,0.8052698635639035,True
2024-07-18,222.254715,222.3836212,218.78520584828158,1.6181116812025431,True
2024-07-19,222.3836212,222.0366364,220.23667547581775,0.8106594269152981,True
2024-07-22,222.0366364,223.0775909,218.982906993716,1.835542462944892,True
2024-07-23,223.0775909,216.663147,219.87015098339867,1.4801797295959447,True
2024-07-24,216.663147,215.6221771,213.11667944420682,1.1619851396970076,True
2024-07-25,215.6221771,216.0881653,212.46976591183122,1.6745014161905925,True
2024-07-26,216.0881653,216.3657227,213.02124620057293,1.5457515440485528,True
2024-07-29,216.3657227,216.9209442,213.4838259975505,1.5845026929628823,True
2024-07-30,216.9209442,220.1727448,213.33179951512471,3.107080892818705,False
2024-07-31,220.1727448,216.484726,217.2095553505672,0.3348177785841599,True
2024-08-01,216.484726,217.9718323,212.57775784877055,2.474665829209274,False
2024-08-02,217.9718323,207.4727783,216.18457570412104,4.199007443532681,False
2024-08-05,207.4727783,205.4502869,205.89953203866492,0.21866367063462425,True
2024-08-06,205.4502869,208.0180664,203.30869546946283,2.2639240004670937,False
2024-08-07,208.0180664,211.4780731,206.45141858788534,2.3769152226660073,False
2024-08-08,211.4780731,214.3829193,207.67283662490115,3.1299520955347147,False
2024-08-09,214.3829193,215.9114532,211.19956028139495,2.1823265272733847,False
2024-08-12,215.9114532,219.623642,212.90185939213853,3.060591540441469,False
2024-08-13,219.623642,220.0702972,216.6802848984829,1.540422467115698,True
2024-08-14,220.0702972,223.0479736,217.21939226875907,2.613151438754403,False
2024-08-15,223.0479736,224.3680725,219.86863261670015,2.0053833119682647,False
2024-08-16,224.3680725,224.209259,221.73217544299712,1.1048087701868212,True
2024-08-19,224.209259,224.824646,220.88604017682235,1.7518567885024725,True
2024-08-20,224.824646,224.7154694,222.1865292229677,1.1253965665046008,True
2024-08-21,224.7154694,222.859375,221.87014372197618,0.4438813839551613,True
2024-08-22,222.859375,225.1521912,219.76152298207202,2.3942330692840184,False
2024-08-23,225.1521912,225.4896545,222.15499373587085,1.4788531081496488,True
2024-08-26,225.4896545,226.3333588,221.71235392843727,2.04168086227453,False
2024-08-27,226.3333588,224.8047943,223.1129366759268,0.752589654211484,True
2024-08-28,224.8047943,228.0802155,221.7492989342254,2.7757412241547974,False
2024-08-29,228.0802155,227.2961273,225.20161565398257,0.9214902475012048,True
2024-08-30,227.2961273,221.1124878,223.93202006737653,1.2751574076299323,True
2024-09-03,221.1124878,219.2067719,217.4200480416949,0.8150860681987419,True
2024-09-04,219.2067719,220.7253876,215.99301555149913,2.144008942495058,False
2024-09-05,220.7253876,219.177002,218.67018052780907,0.2312384363168365,True
2024-09-06,219.177002,219.2663116,216.01367145164153,1.4834199219313482,True
2024-09-09,219.2663116,218.4722748,215.55008380299668,1.3375569049566771,True
2024-09-10,218.4722748,221.0032959,215.3389396684169,2.563018894589752,False
2024-09-11,221.0032959,221.1124878,217.02427969637716,1.8489268264760723,True
2024-09-12,221.1124878,220.8444824,217.43957259773774,1.5417681099658151,True
2024-09-13,220.8444824,214.7104645,217.78280091275167,1.4309206679358972,True
2024-09-16,214.7104645,215.1769714,212.22719984431254,1.3708583853074328,True
2024-09-17,215.1769714,219.0479431,212.82874228277194,2.839196172861966,False
2024-09-18,219.0479431,227.167099,216.7823175237922,4.571428486749228,False
2024-09-19,227.167099,226.5020599,223.8712315685308,1.1615030488600062,True
2024-09-20,226.5020599,224.7849426,226.07175882817222,0.5724654922558979,True
2024-09-23,224.7849426,225.6782532,222.03047520112523,1.6163622090968812,True
2024-09-24,225.6782532,224.6856995,222.42893379210204,1.0044100327346177,True
2024-09-25,224.6856995,225.8271484,222.14202316727136,1.6318344622592937,True
2024-09-26,225.8271484,226.0951233,222.71849985236506,1.493452577990635,True
2024-09-27,226.0951233,231.2663574,223.21694430432967,3.480581086745794,False
2024-09-30,231.2663574,224.5268707,228.0606408149119,1.5738740329363627,True
2024-10-01,224.5268707,225.0926361,220.84414648025574,1.8874405193143713,True
2024-10-02,225.0926361,223.9908905,221.60628996632371,1.0645971040845927,True
2024-10-03,223.9908905,225.1124878,221.04434895425328,1.8071582280948506,True
2024-10-04,225.1124878,220.0405121,221.44861388057132,0.6399284236947177,True
2024-10-07,220.0405121,224.0901642,217.186169772207,3.080900249433174,False
2024-10-08,224.0901642,227.8321075,220.8927637587991,3.0458146647310893,False
2024-10-09,227.8321075,227.3358154,224.32185836232165,1.3257730781994295,True
2024-10-10,227.3358154,225.8569183,223.99745540908833,0.823292421107854,True
2024-10-11,225.8569183,229.5790253,222.56940975957127,3.053247364940677,False
2024-10-14,229.5790253,232.1100311,226.55974156092418,2.39123208625334,False
2024-10-15,232.1100311,230.0554199,229.22639559758147,0.3603585182991516,True
2024-10-16,230.0554199,230.4226837,226.6605004340757,1.63273129429501,True
2024-10-17,230.4226837,233.2514954,226.82989927237293,2.7530782242638017,False
2024-10-18,233.2514954,234.720459,229.83206950213867,2.0826431230953495,False
2024-10-21,234.720459,234.1051025,231.5968462002019,1.0714231654981086,True
2024-10-22,234.1051025,229.0430145,230.63485740686497,0.6949973612336335,True
2024-10-23,229.0430145,228.8544464,225.17964236536665,1.605738534880987,True
2024-10-24,228.8544464,229.6882019,225.88686798873687,1.6549974616972822,True
2024-10-25,229.6882019,231.6634064,227.11877017522636,1.9617410860853397,True
2024-10-28,231.6634064,231.9313812,228.49169207802845,1.4830632681850964,True
2024-10-29,231.9313812,228.3879547,228.5251120046666,0.06005452645117167,True
2024-10-30,228.3879547,224.229126,225.1354990152825,0.40421734297019796,True
2024-10-31,224.229126,221.2514496,221.4233729367176,0.0777049538108932,True
2024-11-01,221.2514496,220.3581085,219.46168013805044,0.40680525352646424,True
2024-11-04,220.3581085,221.7874146,217.89786441014184,1.7537289917343082,True
2024-11-05,221.7874146,221.0628357,218.82299416587992,1.0132148748692065,True
2024-11-06,221.0628357,225.7874298,218.2778654075201,3.3259444067066997,False
2024-11-07,225.7874298,225.5191498,222.45543442544187,1.3585167278588874,True
2024-11-08,225.5191498,222.8064728,222.33099292618562,0.21340487457076207,True
2024-11-11,222.8064728,222.8064728,219.2007207718949,1.6183336070948684,True
2024-11-12,222.8064728,223.6908417,220.07516267119286,1.616373295092812,True
2024-11-13,223.6908417,226.7711639,220.97495568680438,2.5559723350679624,False
2024-11-14,226.7711639,223.571579,223.89293078020816,0.14373552382887939,True
2024-11-15,223.571579,226.5724182,220.60851728179952,2.6322272435367715,False
2024-11-18,226.5724182,226.8307648,223.81296861460123,1.3304174978467318,True
2024-11-19,226.8307648,227.5461731,224.01696790943964,1.550984199153891,True
2024-11-20,227.5461731,227.0692444,224.00621828018996,1.3489392312480197,True
2024-11-21,227.0692444,228.410675,223.43573232794165,2.178069248321405,False
2024-11-22,228.410675,231.3916168,225.6275274291499,2.4910536736653786,False
2024-11-25,231.3916168,233.5677185,228.30553915592367,2.2529566062770545,False
2024-11-26,233.5677185,233.4385681,230.4623651004186,1.2749405652224797,True
2024-11-27,233.4385681,235.8233337,230.18387781273208,2.3913901134321587,False
2024-11-29,235.8233337,238.0689545,232.26474068723843,2.438038939160192,False
2024-12-02,238.0689545,241.1095123,234.97159286652033,2.5456977515854238,False
2024-12-03,241.1095123,241.4672546,237.3585503595429,1.7015575247514687,True
2024-12-04,241.4672546,241.4970551,237.8445982670662,1.5124229284789352,True
2024-12-05,241.4970551,241.2983246,237.98237481822443,1.3742116889010394,True
2024-12-06,241.2983246,245.1835175,238.18116975448487,2.8559618594733327,False
2024-12-09,245.1835175,246.1970215,241.71085125416556,1.822187051046206,True
2024-12-10,246.1970215,244.9251404,242.2366276463825,1.0976875420901122,True
2024-12-11,244.9251404,246.3858185,241.6344332288211,1.9284329350225529,True
2024-12-12,246.3858185,246.5547638,242.6091856630941,1.6002846897358873,True
2024-12-13,246.5547638,249.4462738,242.76404526120513,2.6788247573313213,False
2024-12-16,249.4462738,251.8707886,245.81217253383522,2.4054461018846287,False
2024-12-17,251.8707886,246.4752502,248.04412911408005,0.6365259444130773,True
2024-12-18,246.4752502,248.2042084,242.8094341294316,2.173522481888911,False
2024-12-19,248.2042084,252.8743744,245.1731124765678,3.045489263870695,False
2024-12-20,252.8743744,253.6494293,249.32304404937383,1.7056554247197646,True
2024-12-23,253.6494293,256.5608215,249.50148454938054,2.7515257042546692,False
2024-12-24,256.5608215,257.3755798,252.20666571805475,2.0083156630329517,False
2024-12-26,257.3755798,253.967392,253.26985978757887,0.2746542408173106,True
2024-12-27,253.967392,250.5989075,249.42239204019825,0.4694814800027605,True
2024-12-30,250.5989075,248.8302155,247.23684164172667,0.6403458097207404,True
2024-12-31,248.8302155,242.3019257,245.32055342824646,1.2458125206911872,True
2025-01-02,242.3019257,241.8150482,238.36532507423743,1.426595719100733,True
2025-01-03,241.8150482,243.4446106,238.6542419227991,1.9677448046167247,True
2025-01-06,243.4446106,240.672348,239.9895115423671,0.2837203622714905,True
2025-01-07,240.672348,241.1591949,237.20572105386566,1.6393626823035683,True
2025-01-08,241.1591949,235.3463593,237.03560495243963,0.717770037940688,True
2025-01-10,235.3463593,232.911911,230.77713485491938,0.9165594562832906,True
2025-01-13,232.911911,231.7990112,229.13083995477544,1.1510710211453035,True
2025-01-14,231.7990112,236.3598785,228.67439542217147,3.251602229025742,False
2025-01-15,236.3598785,226.8108978,232.95087569912437,2.7070912194609615,False
2025-01-16,226.8108978,228.5199585,222.736310106198,2.5309160879276096,False
2025-01-17,228.5199585,221.2265625,225.15345743798972,1.775055804155396,True
2025-01-21,221.2265625,222.4090118,218.46601078880093,1.7728602718422188,True
2025-01-22,222.4090118,222.2401123,220.24465676232097,0.8978827075939256,True
2025-01-23,222.2401123,221.3656616,219.2648399654916,0.9490277847629853,True
2025-01-24,221.3656616,228.4007263,218.06261123553475,4.526305687349846,False
2025-01-27,228.4007263,236.747406,225.44019284112608,4.776066335811905,False
2025-01-28,236.747406,237.8404388,232.93448484191293,2.0627080839740923,False
2025-01-29,237.8404388,236.0816498,233.95758616508084,0.8997156859580567,True
2025-01-30,236.0816498,234.5017548,233.04599101868882,0.6207901440024374,True
2025-01-31,234.5017548,226.5625,229.3861709423242,1.2463099331637906,True
2025-02-03,226.5625,231.3220673,224.37346891057445,3.003863172471977,False
2025-02-04,231.3220673,230.9941711,228.66105605591503,1.0100319990650026,True
2025-02-05,230.9941711,231.7394104,228.13687558518336,1.554562863778062,True
2025-02-06,231.7394104,226.1848907,228.36266727846578,0.962830263208986,True
2025-02-07,226.1848907,226.4534607,222.5498648349544,1.7237960740273148,True
2025-02-10,226.4534607,231.3973541,223.3702347730545,3.468976280289065,False
2025-02-11,231.3973541,235.6250153,228.4249352757791,3.055736681885707,False
2025-02-12,235.6250153,240.2605286,231.74919308882545,3.5425442376116276,False
2025-02-13,240.2605286,243.3144073,235.9857969443715,3.0119919477651553,False
2025-02-14,243.3144073,243.1850739,239.46333688226935,1.5304134246582337,True
2025-02-18,243.1850739,243.582962,239.2478901978846,1.7797106031231396,True
2025-02-19,243.582962,244.5379028,240.03148007905588,1.8428319983711454,True
2025-02-20,244.5379028,244.2593842,241.28260726778484,1.2186950122570395,True
2025-02-21,244.2593842,245.8012543,241.50798188663066,1.7466438182326844,True
2025-02-24,245.8012543,245.7415619,242.6333677825666,1.2648223171537452,True
2025-02-25,245.7415619,239.0966644,241.83516187809497,1.1453516028619912,True
2025-02-26,239.0966644,236.0527649,235.38587694231347,0.2825164780294113,True
2025-02-27,236.0527649,240.5688934,233.44306819166584,2.9620725720701855,False
2025-02-28,240.5688934,236.7789001,235.1761761208437,0.6768863181978607,True
2025-03-03,236.7789001,234.6899414,232.70879461376933,0.8441549622504109,True
2025-03-04,234.6899414,234.500946,231.3048447276471,1.36293747503812,True
2025-03-05,234.500946,234.0931244,229.51332050386438,1.9564025675141168,True
2025-03-06,234.0931244,237.8134613,230.97293103347693,2.876426855372074,False
2025-03-07,237.8134613,226.2843628,234.31731395347887,3.5499364843777337,False
2025-03-10,226.2843628,219.6792755,221.63920616582544,0.892178227265436,True
2025-03-11,219.6792755,215.8395538,216.93312181131353,0.5066578354432838,True
2025-03-12,215.8395538,208.5779266,213.43427796903143,2.3283151041886976,False
2025-03-13,208.5779266,212.3679047,206.01505473505816,2.9914360053211184,False
2025-03-14,212.3679047,212.8752136,209.66377187091808,1.5086029391455238,True
2025-03-17,212.8752136,211.572113,209.1285410434125,1.154959376232871,True
2025-03-18,211.572113,214.1087036,208.20466483490986,2.7574959195120496,False
2025-03-19,214.1087036,212.9747162,211.37139539195522,0.7528221361915687,True
2025-03-20,212.9747162,217.1227722,210.14827704489028,3.2122356786626067,False
2025-03-21,217.1227722,219.5698395,214.5898118230257,2.2680836713797787,False
2025-03-24,219.5698395,222.5739594,216.03522320847114,2.937781315098836,False
2025-03-25,222.5739594,220.3656464,219.32000316227618,0.4745037417610039,True
2025-03-26,220.3656464,222.6734467,217.22402262855576,2.4472716222810598,False
2025-03-27,222.6734467,216.7546997,219.85697975667102,1.4312400427601986,True
2025-03-28,216.7546997,220.9624786,214.2573701597957,3.0345009173898263,False
2025-03-31,220.9624786,222.0169067,218.75506896947792,1.4691843873537198,True
2025-04-01,222.0169067,222.7132416,219.002180068856,1.666295863004491,True
2025-04-02,222.7132416,202.1220245,219.93834832570263,8.814637528876831,False
2025-04-03,202.1220245,187.3898926,201.31913655603256,7.43329523421295,False
2025-04-04,187.3898926,180.5062714,188.22209249854515,4.274544612052271,False
2025-04-07,180.5062714,171.5137482,182.71723246953565,6.5321202452361975,False
2025-04-08,171.5137482,197.8048553,169.22831790887264,14.446833141576262,False
2025-04-09,197.8048553,189.4191437,194.92930961372085,2.9089804789994096,False
2025-04-10,189.4191437,197.1085205,185.6412721162017,5.81773347732997,False
2025-04-11,197.1085205,201.4555511,193.92310786379068,3.7390100173860787,False
2025-04-14,201.4555511,201.0775452,196.84900559764472,2.1029397380743853,False
2025-04-15,201.0775452,193.2489014,198.58952561760793,2.7635987469618493,False
2025-04-16,193.2489014,195.9446564,191.16965114202168,2.436915272764915,False
2025-04-17,195.9446564,192.1447601,194.29998278600547,1.1216661255210876,True
2025-04-21,192.1447601,198.6901703,190.36236550131818,4.191352187230887,False
2025-04-22,198.6901703,203.5246429,197.0326707231556,3.1897720513550643,False
2025-04-23,203.5246429,207.2747955,200.370291566848,3.3310870800748176,False
2025-04-24,207.2747955,208.1800232,203.9471830316819,2.033259533385474,False
2025-04-25,208.1800232,209.0354767,205.55486291488748,1.6650828079808542,True
2025-04-28,209.0354767,210.099884,206.1263754882401,1.891247361069422,True
2025-04-29,210.099884,211.3830872,207.95416597106006,1.6221360347981242,True
2025-04-30,211.3830872,212.1987915,208.58426958815767,1.703365926964919,True
2025-05-01,212.1987915,204.2706757,210.19677540694084,2.901101534340715,False
2025-05-02,204.2706757,197.844635,202.5545850660307,2.3806306731697324,False
2025-05-05,197.844635,197.466629,196.4384170407073,0.5207016317135381,True
2025-05-06,197.466629,195.2185059,196.38658476785918,0.5983443334299076,True
2025-05-07,195.2185059,196.4520111,192.70435336169388,1.907670844050788,True
2025-05-08,196.4520111,197.4865417,193.87586839084798,1.8283136045984139,True
2025-05-09,197.4865417,209.9570465,194.90562862689052,7.168808155771744,False
2025-05-12,209.9570465,212.0885773,205.51643424327523,3.098772758246405,False
2025-05-13,212.0885773,211.4909668,208.50517941236,1.4117801023925283,True
2025-05-14,211.4909668,210.6144409,208.56426738135207,0.9734249512460368,True
2025-05-15,210.6144409,210.4251862,208.33734091079793,0.9922031325744783,True
2025-05-16,210.4251862,207.9550018,208.21699760959066,0.12598677950658096,True
2025-05-19,207.9550018,206.0425873,205.33298754281853,0.3443947032893229,True
2025-05-20,206.0425873,201.2914276,203.90006793909714,1.2959520284594324,True
2025-05-21,201.2914276,200.5643158,199.352148347979,0.6043784245397616,True
2025-05-22,200.5643158,194.4983826,198.98429621167782,2.3064014989283526,False
2025-05-23,194.4983826,199.4188538,193.85849066786164,2.7882835680697053,False
2025-05-27,199.4188538,199.6280365,197.31892267771278,1.1567081772540653,True
2025-05-28,199.6280365,199.1598816,197.4674830794042,0.8497687922886453,True
2025-05-29,199.1598816,200.0563354,195.89601490443084,2.0795744794839184,False
2025-05-30,200.0563354,200.9029846,197.34491626201662,1.7710380684824187,True
2025-06-02,200.9029846,202.4667664,198.72543322807104,1.8478752036457533,True
2025-06-03,202.4667664,202.0185699,200.26497639521708,0.8680357977244115,True
2025-06-04,202.0185699,199.8371887,200.13438279810424,0.14871811399948304,True
2025-06-05,199.8371887,203.1141968,197.69488780320597,2.668109409471879,False
2025-06-06,203.1141968,200.6539459,201.03751233554453,0.19115818222468228,True
2025-06-09,200.6539459,201.8691406,198.31909421890117,1.75858794987055,True
2025-06-10,201.8691406,197.9945221,200.19921285192828,1.113510984316403,True
2025-06-11,197.9945221,198.4128418,195.6575826044435,1.3886496310222725,True
2025-06-12,198.4128418,195.6737213,196.338880367291,0.33993275278452034,True
2025-06-13,195.6737213,197.63591,193.44827705860715,2.1188623774863835,False
2025-06-16,197.63591,194.8669128,195.64254775290811,0.3980331713389368,True
2025-06-17,194.8669128,195.8032074,192.85014065052334,1.5081809888047053,True
2025-06-18,195.8032074,200.2057495,193.8729679405614,3.163136710735966,False
2025-06-20,200.2057495,200.7037659,198.05192765868085,1.3212697975186098,True
2025-06-23,200.7037659,199.5085144,197.88326519391194,0.8146264889876083,True
2025-06-24,199.5085144,200.7635345,197.2866275674033,1.7318418612503086,True
2025-06-25,200.7635345,200.2057495,198.77660344783553,0.7138386663388353,True
2025-06-26,200.2057495,200.2854309,198.09014365919694,1.0960793458307678,True
2025-06-27,200.2854309,204.3592529,198.49051874112894,2.8717731522256233,False
2025-06-30,204.3592529,206.9987946,201.87767236012996,2.4739865030450923,False
2025-07-01,206.9987946,211.6005402,205.09549851021302,3.074208451282107,False
2025-07-02,211.6005402,212.7061462,208.94976100795483,1.7659974848649542,True
2025-07-03,212.7061462,209.1203766,210.0942550174961,0.4657023066474861,True
2025-07-07,209.1203766,209.1801147,206.72600188227923,1.1732055990314243,True
2025-07-08,209.1801147,210.3056641,207.05416283116108,1.5460835459442683,True
2025-07-09,210.3056641,211.5706635,207.7116138682768,1.8240003447941144,True
2025-07-10,211.5706635,210.325592,209.37864027510665,0.45023133698981943,True
2025-07-11,210.325592,207.7956085,208.03391460039825,0.11468293392651839,True
2025-07-14,207.7956085,208.2836914,205.35456991250211,1.4063134121589198,True
2025-07-15,208.2836914,209.3295441,206.50200022384323,1.3507619711845382,True
2025-07-16,209.3295441,209.1901093,206.89854371531553,1.0954464302124933,True
2025-07-17,209.1901093,210.3455048,206.91051878179374,1.6330208822253118,True
2025-07-18,210.3455048,211.6403809,207.74236679918042,1.841810189644948,True
2025-07-21,211.6403809,213.5527649,209.4793622767041,1.9074455089370237,True
2025-07-22,213.5527649,213.3037872,210.81889121177983,1.1649563380186247,True
2025-07-23,213.3037872,212.9153137,210.25952392743636,1.247345588446347,True
2025-07-24,212.9153137,213.0348511,210.83834081340692,1.031056784958638,True
2025-07-25,213.0348511,213.2041779,210.60269831975916,1.2201822712221975,True
2025-07-28,213.2041779,210.4351501,210.75602269759088,0.15248051356363776,True
2025-07-29,210.4351501,208.2239227,207.9238640637373,0.14410382456150436,True
2025-07-30,208.2239227,206.7497864,205.50467791364434,0.6022296361393782,True
2025-07-31,206.7497864,201.580307,205.25886593171728,1.8248602685763726,True
2025-08-01,201.580307,202.5464478,199.0319145659678,1.7351739673571307,True
2025-08-04,202.5464478,202.1181488,200.651763206765,0.7255091153076122,True
2025-08-05,202.1181488,212.4073486,200.04150173057258,5.821760382082859,False
2025-08-06,212.4073486,219.1605377,209.94699518751202,4.204015289057204,False
2025-08-07,219.1605377,228.4437256,215.40228972452041,5.7088177148340025,False
2025-08-08,228.4437256,226.539093,224.58181081505066,0.8639931232307659,True
2025-08-11,226.539093,229.0021362,222.93017374717948,2.651487254039211,False
2025-08-12,229.0021362,232.6717529,226.30475857661213,2.736470690588875,False
2025-08-13,232.6717529,232.1233063,230.24261226548202,0.8102133579328448,True
2025-08-14,232.1233063,230.9366608,229.07560447316183,0.8058730564437809,True
2025-08-15,230.9366608,230.2386322,227.5488088461769,1.1682762914811569,True
2025-08-18,230.2386322,229.9095612,227.61294845437135,0.9989200682397127,True
2025-08-19,229.9095612,225.3723907,227.06906517086856,0.7528315538556977,True
2025-08-20,225.3723907,224.2655182,222.3753031905651,0.8428469185125541,True
2025-08-21,224.2655182,227.1174622,221.2625836462595,2.577907703364836,False
2025-08-22,227.1174622,226.519165,224.19824162328277,1.024603537063726,True
2025-08-25,226.519165,228.6630859,223.6701649690521,2.183527311063849,False
2025-08-26,228.6630859,229.8397827,224.83356505287657,2.178133649585736,False
2025-08-27,229.8397827,231.9039154,226.45135852351586,2.3512138064073946,False
2025-08-28,231.9039154,231.4851074,228.23402549683988,1.4044453829776382,True
2025-08-29,231.4851074,229.0719299,228.26353550008253,0.35289980761517165,True
2025-09-02,229.0719299,237.7972565,225.84831272007006,5.024845095271294,False
2025-09-03,237.7972565,239.1035309,233.73588182253616,2.2449058185212487,False
2025-09-04,239.1035309,239.0138092,235.20724567417352,1.5926123844339268,True
2025-09-05,239.0138092,237.2089233,235.62545696468953,0.6675407962236958,True
2025-09-08,237.2089233,233.6888885,233.70605877465553,0.007347492970570189,True
2025-09-09,233.6888885,226.1501923,230.91186343779088,2.1055348613076985,False
2025-09-10,226.1501923,229.381073,223.57233021031047,2.532354877287333,False
2025-09-11,229.381073,233.4096832,227.00664025508797,2.743263628623963,False
2025-09-12,233.4096832,236.0322418,230.25435691797378,2.44792187625031,False
2025-09-15,236.0322418,237.4781494,231.99024548972596,2.3109089927386988,False
2025-09-16,237.4781494,238.3157959,234.00986253025036,1.8068182822243435,True
2025-09-17,238.3157959,237.2089233,234.67947893464458,1.0663360931647679,True
2025-09-18,237.2089233,244.8074188,233.48833879092018,4.623667070452283,False
2025-09-19,244.8074188,255.3575592,242.1272204826131,5.181103218105516,False
2025-09-22,255.3575592,253.7122345,251.3675760498037,0.9241408696025284,True
2025-09-23,253.7122345,251.5982056,249.67602472296196,0.7639883092385794,True
2025-09-24,251.5982056,256.1453247,247.36846789348783,3.426514544738115,False
2025-09-25,256.1453247,254.7393341,252.2544260112926,0.9754709053812408,True
2025-09-26,254.7393341,253.7122345,251.69651869868724,0.7944890025840482,True
2025-09-29,253.7122345,253.9116669,250.07206071091244,1.5121818685865047,True
2025-09-30,253.9116669,254.7293396,250.11574146085337,1.8111765791845327,True
2025-10-01,254.7293396,256.4046021,251.64186250337747,1.857509404127232,True
2025-10-02,256.4046021,257.2920837,251.89555473479612,2.0974329593040086,False
2025-10-03,257.2920837,255.9658661,253.22137652014865,1.072209205730243,True
2025-10-06,255.9658661,255.7564545,251.61910458344465,1.6176913011418592,True
2025-10-07,255.7564545,257.3319702,251.7215424915744,2.180229570412542,False
2025-10-08,257.3319702,253.3233032,253.4035779192201,0.03168864380263374,True
2025-10-09,253.3233032,244.578064,248.9130060518462,1.772416536851066,True
2025-10-10,244.578064,246.9613342,239.99733701334162,2.8198734871664737,False
2025-10-13,246.9613342,247.0710144,242.9659944644127,1.6614737044554375,True
2025-10-14,247.0710144,248.6365814,243.20514698980196,2.184487246251227,False
2025-10-15,248.6365814,246.7519073,244.38091215220533,0.9608821969153115,True
2025-10-16,246.7519073,251.5782471,242.1581086961697,3.7444169010708928,False
2025-10-17,251.5782471,261.5001831,247.32749775789816,5.419761154309439,False
2025-10-20,261.5001831,262.0286865,257.11492227989254,1.8752772017988393,True
2025-10-21,262.0286865,257.7209167,257.8712234561849,0.05832152008053604,True
2025-10-22,257.7209167,258.8476868,252.29395174608004,2.531888592453892,False
2025-10-23,258.8476868,262.0785522,254.87778681113224,2.7475599694906094,False
2025-10-24,262.0785522,268.0516357,257.8379206737963,3.8103535535350264,False
2025-10-27,268.0516357,268.2410889,263.64387767582417,1.713835580905238,True
2025-10-28,268.2410889,268.9391479,263.83478176007685,1.8979632306342902,True
2025-10-29,268.9391479,270.6343384,264.3716518903884,2.3140768265537917,False
2025-10-30,270.6343384,269.6072388,265.93092715724265,1.3635804658362738,True
2025-10-31,269.6072388,268.2909851,264.4204741851469,1.4426541068498717,True
2025-11-03,268.2909851,269.2781982,263.4384447322772,2.1686692449514466,False
2025-11-04,269.2781982,269.3778992,265.31303855914643,1.508980748949863,True
2025-11-05,269.3778992,269.0089417,264.9435074768572,1.5112636024108794,True
2025-11-06,269.0089417,267.712616,265.3144630661566,0.8957937693319049,True
2025-11-07,267.712616,268.9303284,263.1649306891712,2.143825780130508,False
2025-11-10,268.9303284,274.739563,264.66384245373047,3.6673715413420487,False
2025-11-11,274.739563,272.9628906,269.9393915185508,1.1076593872534217,True
2025-11-12,272.9628906,272.4438171,267.7880749416753,1.708881562401476,True
2025-11-13,272.4438171,271.9048462,268.0236619160017,1.4274053361827586,True
2025-11-14,271.9048462,266.9639893,267.7094653174308,0.2792421627296995,True
2025-11-17,266.9639893,266.9440308,262.85558216769493,1.5315752219865983,True
2025-11-18,266.9440308,268.0619812,262.1555772030831,2.2033725075359096,False
2025-11-19,268.0619812,265.7562561,264.29332615780993,0.5504780823069566,True
2025-11-20,265.7562561,270.9865112,261.2410000473345,3.596308579903025,False
2025-11-21,270.9865112,275.4083557,266.41532565720667,3.265343936256379,False
2025-11-24,275.4083557,276.4563599,270.6469449233251,2.101385903647237,False
2025-11-25,276.4563599,277.0353088,272.00100413873474,1.8172068690708543,True
2025-11-26,277.0353088,278.3328857,272.4572346463618,2.11101574967007,False
2025-11-28,278.3328857,282.5750122,273.25560428315623,3.298029731747021,False
2025-12-01,282.5750122,285.6592712,277.20124059012505,2.9608808334294054,False
2025-12-02,285.6592712,283.6230469,280.8734500133068,0.9694546746980918,True
2025-12-03,283.6230469,280.1794434,278.73078729921895,0.5170458200649988,True
2025-12-04,280.1794434,278.2630005,274.8756919727098,1.2173046798186171,True
2025-12-05,278.2630005,277.3746643,274.01506645198117,1.2112129478362152,True
2025-12-08,277.3746643,276.6659851,273.003477284161,1.3238012669013783,True
2025-12-09,276.6659851,278.2630005,272.37105341364764,2.1174022689920404,False
2025-12-10,278.2630005,277.5144043,273.2640798066823,1.5315689663168046,True
2025-12-11,277.5144043,277.763916,271.2512871787226,2.344663379989724,False
2025-12-12,277.763916,273.6016541,272.8761727304505,0.2651597162071131,True
2025-12-15,273.6016541,274.1007385,267.89257730729184,2.2649195426039075,False
2025-12-16,274.1007385,271.3358765,269.6050008565058,0.63790887730034,True
2025-12-17,271.3358765,271.6852417,266.8958528557217,1.762844685382952,True
2025-12-18,271.6852417,273.1625061,265.61591380057524,2.7626750124565254,False
2025-12-19,273.1625061,270.4674988,269.128675682037,0.49500332716612105,True
2025-12-22,270.4674988,271.8549194,265.8140297262214,2.222100555366526,False
2025-12-23,271.8549194,273.3022156,266.88869128827565,2.3466784920291586,False
2025-12-24,273.3022156,272.8930054,268.6416514958937,1.5578830603865237,True
2025-12-26,272.8930054,273.2523499,268.117844030487,1.879034479078425,True
2025-12-29,273.2523499,272.5735474,268.6262081033421,1.4481740191997448,True
